ITEM;ÁREA;ITEM;DESCRIPCIÓN;ITEM;DESCRIPCIÓN;ITEM;;ITEM;PROCESO;DESCRIPCIÓN;UN;"Cantidad
Remanente";;PROCESO;TOTAL (M3);;INICIO;FIN;DÍAS;;01-04-2024;01-05-2024;01-06-2024;01-07-2024;01-08-2024;01-09-2024;01-10-2024;01-11-2024;01-12-2024;01-01-2025;01-02-2025;01-03-2025;01-04-2025;01-05-2025;01-06-2025;01-07-2025;01-08-2025;01-09-2025;01-10-2025;01-11-2025;01-12-2025;01-01-2026;01-02-2026;01-03-2026;01-04-2026;01-05-2026;01-06-2026;01-07-2026
1.1;MN1;1.1.1;Movimientos de Tierra - IX ETAPA (Fase 1);1.1.1.1.;Excavación -  Fundación Muro Norte (km 1+800 A 3+320);1.1.1.1.1;VERDADERO;1.1.1.1.1;Excavación;Excavación material común - MN;m3;0;;Excavación;;;;;;;0;0;0;0;0;0;0;0;0;0;0;0;0;0;0;0;0;0;0;0;0;0;0;0;0;0;0;0
1.1;MN1;1.1.1;Movimientos de Tierra - IX ETAPA (Fase 1);1.1.1.1.;Excavación -  Fundación Muro Norte (km 1+800 A 3+320);1.1.1.1.2;VERDADERO;1.1.1.1.2;Excavación;Excavación en Roca con medios mecánicos - MN;m3;0;;Excavación;;;;;;;0;0;0;0;0;0;0;0;0;0;0;0;0;0;0;0;0;0;0;0;0;0;0;0;0;0;0;0
1.1;MN1;1.1.1;Movimientos de Tierra - IX ETAPA (Fase 1);1.1.1.1.;Excavación -  Fundación Muro Norte (km 1+800 A 3+320);1.1.1.1.3;VERDADERO;1.1.1.1.3;Excavación;Excavación en Roca Ripable  - MN;m3;0;;Excavación;;;;;;;0;0;0;0;0;0;0;0;0;0;0;0;0;0;0;0;0;0;0;0;0;0;0;0;0;0;0;0
1.1;MN2;1.1.1;Movimientos de Tierra - IX ETAPA (Fase 1);1.1.1.2.;Excavación - Fundación Muro Norte (km 3+300 A 4+890);1.1.1.2.1;VERDADERO;1.1.1.2.1;Excavación;Excavación material común - MN;m3;0;;Excavación;;;;;;;0;0;0;0;0;0;0;0;0;0;0;0;0;0;0;0;0;0;0;0;0;0;0;0;0;0;0;0
1.1;MN2;1.1.1;Movimientos de Tierra - IX ETAPA (Fase 1);1.1.1.2.;Excavación - Fundación Muro Norte (km 3+300 A 4+890);1.1.1.2.2;VERDADERO;1.1.1.2.2;Excavación;Excavación en Roca con medios mecánicos - MN;m3;0;;Excavación;;;;;;;0;0;0;0;0;0;0;0;0;0;0;0;0;0;0;0;0;0;0;0;0;0;0;0;0;0;0;0
1.1;MN2;1.1.1;Movimientos de Tierra - IX ETAPA (Fase 1);1.1.1.2.;Excavación - Fundación Muro Norte (km 3+300 A 4+890);1.1.1.2.3;VERDADERO;1.1.1.2.3;Excavación;Excavación en Roca  Ripable - MN;m3;0;;Excavación;;;;;;;0;0;0;0;0;0;0;0;0;0;0;0;0;0;0;0;0;0;0;0;0;0;0;0;0;0;0;0
1.1;MN2;1.1.1;Movimientos de Tierra - IX ETAPA (Fase 1);1.1.1.3.;Escarpes - Muro Norte;1.1.1.3.1;VERDADERO;1.1.1.3.1;Escarpe;Escarpe en arena - MN;m3;0;;Excavación;;;;;;;0;0;0;0;0;0;0;0;0;0;0;0;0;0;0;0;0;0;0;0;0;0;0;0;0;0;0;0
1.1;MN1;1.1.1;Movimientos de Tierra - IX ETAPA (Fase 1);1.1.1.4.;Rellenos  - Aguas Abajo Muro Norte (km 1+800 A 3+300);1.1.1.4.1;VERDADERO;1.1.1.4.1;Relleno;Relleno masivo de Lastre - aguas abajo bajo cota 2496 AA - MN;m3;54890;;Relleno;54890;;20-06-2024;01-07-2024;12;;0;0;51601;3289;0;0;0;0;0;0;0;0;0;0;0;0;0;0;0;0;0;0;0;0;0;0;0;0
1.1;MN2;1.1.1;Movimientos de Tierra - IX ETAPA (Fase 1);1.1.1.5.;Rellenos - Aguas Abajo Muro Norte (km 3+300 A 4+890);1.1.1.5.1;VERDADERO;1.1.1.5.1;Relleno;Relleno masivo de Lastre - aguas abajo bajo cota 2496 EC - MN;m3;298896;;Relleno;298896;;07-06-2024;02-10-2024;118;;0;0;60035;79195;79195;76640;3832;0;0;0;0;0;0;0;0;0;0;0;0;0;0;0;0;0;0;0;0;0
1.1;MN2;1.1.1;Movimientos de Tierra - IX ETAPA (Fase 1);1.1.1.6.;Rellenos - Aguas Arriba Muro Norte (km 3+300 A 4+890);1.1.1.6.1;VERDADERO;1.1.1.6.1;Zampeado;Relleno de lastre para Zampeado - MN;m3;11700;;Relleno;11700;;02-10-2024;07-10-2024;6;;0;0;0;0;0;0;11700;0;0;0;0;0;0;0;0;0;0;0;0;0;0;0;0;0;0;0;0;0
1.1;MN2;1.1.1;Movimientos de Tierra - IX ETAPA (Fase 1);1.1.1.6.;Rellenos - Aguas Arriba Muro Norte (km 3+300 A 4+890);1.1.1.6.2;VERDADERO;1.1.1.6.2;Relleno;Relleno masivo de Lastre - aguas arriba bajo cota 2496 - MN;m3;19100;;Relleno;19100;;02-10-2024;07-10-2024;6;;0;0;0;0;0;0;19100;0;0;0;0;0;0;0;0;0;0;0;0;0;0;0;0;0;0;0;0;0
1.1;MN1;1.1.1;Movimientos de Tierra - IX ETAPA (Fase 1);1.1.1.7.;Rellenos - Coronamiento Muro Norte (km 1+800 A 3+300);1.1.1.7.1;VERDADERO;1.1.1.7.1;Relleno;Relleno masivo de Lastre - coronamiento sobre cota 2496 AA - MN;m3;60180;;Relleno;60180;;19-10-2024;18-11-2024;31;;0;0;0;0;0;0;25075;35105;0;0;0;0;0;0;0;0;0;0;0;0;0;0;0;0;0;0;0;0
1.1;MN1;1.1.1;Movimientos de Tierra - IX ETAPA (Fase 1);1.1.1.7.;Rellenos - Coronamiento Muro Norte (km 1+800 A 3+300);1.1.1.7.2;VERDADERO;1.1.1.7.2;Pretil;Pretil de seguridad - coronamiento MN;m3;2385;;Relleno;2385;;29-11-2024;01-12-2024;3;;0;0;0;0;0;0;0;1789;596;0;0;0;0;0;0;0;0;0;0;0;0;0;0;0;0;0;0;0
1.1;MN2;1.1.1;Movimientos de Tierra - IX ETAPA (Fase 1);1.1.1.8.;Rellenos - Coronamiento  Muro Norte (km 3+300 A 4+890);1.1.1.8.1;VERDADERO;1.1.1.8.1;Relleno;Relleno masivo de Lastre - coronamiento sobre cota 2496 - MN;m3;121545;;Relleno;121545;;29-11-2024;24-12-2024;26;;0;0;0;0;0;0;0;7293;114252;0;0;0;0;0;0;0;0;0;0;0;0;0;0;0;0;0;0;0
1.1;MN2;1.1.1;Movimientos de Tierra - IX ETAPA (Fase 1);1.1.1.8.;Rellenos - Coronamiento  Muro Norte (km 3+300 A 4+890);1.1.1.8.2;VERDADERO;1.1.1.8.2;Pretil;Pretil de seguridad - coronamiento MN;m3;2990;;Relleno;2990;;29-11-2024;02-12-2024;4;;0;0;0;0;0;0;0;1495;1495;0;0;0;0;0;0;0;0;0;0;0;0;0;0;0;0;0;0;0
1.1;MN2;1.1.1;Movimientos de Tierra - IX ETAPA (Fase 1);1.1.1.8.;Rellenos - Coronamiento  Muro Norte (km 3+300 A 4+890);1.1.1.8.3;VERDADERO;1.1.1.8.3;Relleno;Relleno tipo Filtro F1 - MN;m3;6288;;Relleno;6288;;29-11-2024;02-12-2024;4;;0;0;0;0;0;0;0;3144;3144;0;0;0;0;0;0;0;0;0;0;0;0;0;0;0;0;0;0;0
1.1;MN2;1.1.1;Movimientos de Tierra - IX ETAPA (Fase 1);1.1.1.8.;Rellenos - Coronamiento  Muro Norte (km 3+300 A 4+890);1.1.1.8.4;VERDADERO;1.1.1.8.4;Relleno;Relleno material drenante tipo D2 - MN;m3;6223;;Relleno;6223;;29-11-2024;02-12-2024;4;;0;0;0;0;0;0;0;3112;3112;0;0;0;0;0;0;0;0;0;0;0;0;0;0;0;0;0;0;0
1.1;MN2;1.1.1;Movimientos de Tierra - IX ETAPA (Fase 1);1.1.1.8.;Rellenos - Coronamiento  Muro Norte (km 3+300 A 4+890);1.1.1.8.5;VERDADERO;1.1.1.8.5;Relleno;Relleno tipo Filtro F2 - MN;m3;6226;;Relleno;6226;;29-11-2024;02-12-2024;4;;0;0;0;0;0;0;0;3113;3113;0;0;0;0;0;0;0;0;0;0;0;0;0;0;0;0;0;0;0
1.1;MN1;1.1.1;Movimientos de Tierra - IX ETAPA (Fase 1);1.1.1.9.;Rellenos  - Filtros y relaves en talud Muro Norte (km 1+800 A 3+300);1.1.1.9.1;VERDADERO;1.1.1.9.1;Relleno;Relleno Tipo relaves - MN;m3;11808;;Relleno;11808;;18-11-2024;24-11-2024;7;;0;0;0;0;0;0;0;11808;0;0;0;0;0;0;0;0;0;0;0;0;0;0;0;0;0;0;0;0
1.1;MN1;1.1.1;Movimientos de Tierra - IX ETAPA (Fase 1);1.1.1.9.;Rellenos  - Filtros y relaves en talud Muro Norte (km 1+800 A 3+300);1.1.1.9.2;VERDADERO;1.1.1.9.2;Relleno;Relleno tipo Filtro F1 - MN;m3;6288;;Relleno;6288;;24-11-2024;29-11-2024;6;;0;0;0;0;0;0;0;6288;0;0;0;0;0;0;0;0;0;0;0;0;0;0;0;0;0;0;0;0
1.2;MNO2;1.2.1;Movimiento de Tierras IX Etapa;1.2.1.1;Excavación - Fundación Muro Noroeste 2;1.2.1.1.1;VERDADERO;1.2.1.1.1;Excavación;Excavación material común - MNO2;m3;4973;;Excavación;;;;;;;0;0;0;0;0;0;0;0;0;0;0;0;0;0;0;0;0;0;0;0;0;0;0;0;0;0;0;0
1.2;MNO2;1.2.1;Movimiento de Tierras IX Etapa;1.2.1.1;Excavación - Fundación Muro Noroeste 2;1.2.1.1.2;VERDADERO;1.2.1.1.2;Excavación;Excavación en Roca con medios mecánicos - MNO2;m3;1036;;Excavación;;;;;;;0;0;0;0;0;0;0;0;0;0;0;0;0;0;0;0;0;0;0;0;0;0;0;0;0;0;0;0
1.2;MNO2;1.2.1;Movimiento de Tierras IX Etapa;1.2.1.1;Excavación - Fundación Muro Noroeste 2;1.2.1.1.3;VERDADERO;1.2.1.1.3;Excavación;Excavación en Roca Ripable - MNO2;m3;6935;;Excavación;;;;;;;0;0;0;0;0;0;0;0;0;0;0;0;0;0;0;0;0;0;0;0;0;0;0;0;0;0;0;0
1.2;MNO2;1.2.1;Movimiento de Tierras IX Etapa;1.2.1.2.;Rellenos  - Aguas Abajo Muro Noroeste 2;1.2.1.2.1;VERDADERO;1.2.1.2.1;Relleno;Relleno masivo de Lastre - aguas abajo bajo la cota 2496 - MNO2;m3;92902;;Relleno;92902;;06-01-2025;16-02-2025;42;;0;0;0;0;0;0;0;0;0;57781;35121;0;0;0;0;0;0;0;0;0;0;0;0;0;0;0;0;0
1.2;MNO2;1.2.1;Movimiento de Tierras IX Etapa;1.2.1.3.;Rellenos  - Coronamiento  Muro Noroeste 2;1.2.1.3.1;VERDADERO;1.2.1.3.1;Relleno;Relleno masivo de Lastre - coronamiento sobre cota 2496 - MNO2;m3;28555;;Relleno;28555;;22-03-2025;28-03-2025;7;;0;0;0;0;0;0;0;0;0;0;0;28555;0;0;0;0;0;0;0;0;0;0;0;0;0;0;0;0
1.2;MNO2;1.2.1;Movimiento de Tierras IX Etapa;1.2.1.3.;Rellenos  - Coronamiento  Muro Noroeste 2;1.2.1.3.2;VERDADERO;1.2.1.3.2;Pretil;Pretil de seguridad - coronamiento MNO2;m3;604;;Relleno;604;;28-03-2025;29-03-2025;2;;0;0;0;0;0;0;0;0;0;0;0;604;0;0;0;0;0;0;0;0;0;0;0;0;0;0;0;0
1.2;MNO2;1.2.1;Movimiento de Tierras IX Etapa;1.2.1.4.;Rellenos  - Filtro y Relaves;1.2.1.4.1;VERDADERO;1.2.1.4.1;Relleno;Relleno tipo Filtro F1 - MNO2;m3;3805;;Relleno;3805;;03-03-2025;10-03-2025;8;;0;0;0;0;0;0;0;0;0;0;0;3805;0;0;0;0;0;0;0;0;0;0;0;0;0;0;0;0
1.2;MNO2;1.2.1;Movimiento de Tierras IX Etapa;1.2.1.4.;Rellenos  - Filtro y Relaves;1.2.1.4.2;VERDADERO;1.2.1.4.2;Relleno;Relleno Tipo relaves - MNO2;m3;10794;;Relleno;10794;;20-03-2025;22-03-2025;3;;0;0;0;0;0;0;0;0;0;0;0;10794;0;0;0;0;0;0;0;0;0;0;0;0;0;0;0;0
1.3;MNO1;1.3.1;Movimiento de Tierras IX Etapa;1.3.1.1;Excavación - Fundación Muro Noroeste 1;1.3.1.1.1;VERDADERO;1.3.1.1.1;Excavación;Excavación material común - MNO1;m3;0;;Excavación;;;;;;;0;0;0;0;0;0;0;0;0;0;0;0;0;0;0;0;0;0;0;0;0;0;0;0;0;0;0;0
1.3;MNO1;1.3.1;Movimiento de Tierras IX Etapa;1.3.1.1;Excavación - Fundación Muro Noroeste 1;1.3.1.1.2;VERDADERO;1.3.1.1.2;Excavación;Excavación en Roca con medios mecánicos - MNO1;m3;400;;Excavación;;;;;;;0;0;0;0;0;0;0;0;0;0;0;0;0;0;0;0;0;0;0;0;0;0;0;0;0;0;0;0
1.3;MNO1;1.3.1;Movimiento de Tierras IX Etapa;1.3.1.1;Excavación - Fundación Muro Noroeste 1;1.3.1.1.3;VERDADERO;1.3.1.1.3;Excavación;Excavación en Roca Ripable - MNO1;m3;0;;Excavación;;;;;;;0;0;0;0;0;0;0;0;0;0;0;0;0;0;0;0;0;0;0;0;0;0;0;0;0;0;0;0
1.3;MNO1;1.3.1;Movimiento de Tierras IX Etapa;1.3.1.2;Rellenos - Aguas Abajo Muro Noroeste 1;1.3.1.2.1;VERDADERO;1.3.1.2.1;Relleno;Relleno masivo de Lastre - aguas abajo bajo la cota 2496 - MNO1;m3;58965;;Relleno;58965;;04-11-2024;28-11-2024;25;;0;0;0;0;0;0;0;58965;0;0;0;0;0;0;0;0;0;0;0;0;0;0;0;0;0;0;0;0
1.3;MNO1;1.3.1;Movimiento de Tierras IX Etapa;1.3.1.3;Rellenos - Aguas Arriba;1.3.1.3.1;VERDADERO;1.3.1.3.1;Zampeado;Relleno de lastre para Zampeado - MNO1;m3;970;;Relleno;970;;29-11-2024;29-11-2024;1;;0;0;0;0;0;0;0;970;0;0;0;0;0;0;0;0;0;0;0;0;0;0;0;0;0;0;0;0
1.3;MNO1;1.3.1;Movimiento de Tierras IX Etapa;1.3.1.3;Rellenos - Aguas Arriba;1.3.1.3.2;VERDADERO;1.3.1.3.2;Relleno;Relleno masivo de Lastre - aguas arriba bajo la cota 2496 - MNO1;m3;2960;;Relleno;2960;;30-11-2024;30-11-2024;1;;0;0;0;0;0;0;0;2960;0;0;0;0;0;0;0;0;0;0;0;0;0;0;0;0;0;0;0;0
1.3;MNO1;1.3.1;Movimiento de Tierras IX Etapa;1.3.1.4;Rellenos  - Coronamiento  Muro Noroeste 1;1.3.1.4.1;VERDADERO;1.3.1.4.1;Relleno;Relleno masivo de Lastre - coronamiento sobre cota 2496 - MNO1;m3;22374;;Relleno;22374;;22-11-2024;30-11-2024;9;;0;0;0;0;0;0;0;22374;0;0;0;0;0;0;0;0;0;0;0;0;0;0;0;0;0;0;0;0
1.3;MNO1;1.3.1;Movimiento de Tierras IX Etapa;1.3.1.4;Rellenos  - Coronamiento  Muro Noroeste 1;1.3.1.4.2;VERDADERO;1.3.1.4.2;Pretil;Pretil de seguridad - coronamiento MNO1;m3;510;;Relleno;510;;01-12-2024;01-12-2024;1;;0;0;0;0;0;0;0;0;510;0;0;0;0;0;0;0;0;0;0;0;0;0;0;0;0;0;0;0
1.3;MNO1;1.3.1;Movimiento de Tierras IX Etapa;1.3.1.4;Rellenos  - Coronamiento  Muro Noroeste 1;1.3.1.4.3;VERDADERO;1.3.1.4.3;Relleno;Relleno tipo Filtro F1 - MNO1;m3;1145;;Relleno;1145;;22-11-2024;30-11-2024;9;;0;0;0;0;0;0;0;1145;0;0;0;0;0;0;0;0;0;0;0;0;0;0;0;0;0;0;0;0
1.3;MNO1;1.3.1;Movimiento de Tierras IX Etapa;1.3.1.4;Rellenos  - Coronamiento  Muro Noroeste 1;1.3.1.4.4;VERDADERO;1.3.1.4.4;Relleno;Relleno material drenante tipo D2 - MNO1;m3;1142;;Relleno;1142;;22-11-2024;30-11-2024;9;;0;0;0;0;0;0;0;1142;0;0;0;0;0;0;0;0;0;0;0;0;0;0;0;0;0;0;0;0
1.3;MNO1;1.3.1;Movimiento de Tierras IX Etapa;1.3.1.4;Rellenos  - Coronamiento  Muro Noroeste 1;1.3.1.4.5;VERDADERO;1.3.1.4.5;Relleno;Relleno tipo Filtro F2 - MNO1;m3;1141;;Relleno;1141;;22-11-2024;30-11-2024;9;;0;0;0;0;0;0;0;1141;0;0;0;0;0;0;0;0;0;0;0;0;0;0;0;0;0;0;0;0
1.4;MO;1.4.1;Movimiento de Tierras IX Etapa;1.4.1.1;Excavación - Fundación Muro Oeste;1.4.1.1.1;VERDADERO;1.4.1.1.1;Excavación;Excavación material común - MO;m3;23634;;Excavación;;;;;;;0;0;0;0;0;0;0;0;0;0;0;0;0;0;0;0;0;0;0;0;0;0;0;0;0;0;0;0
1.4;MO;1.4.1;Movimiento de Tierras IX Etapa;1.4.1.1;Excavación - Fundación Muro Oeste;1.4.1.1.3;VERDADERO;1.4.1.1.3;Excavación;Excavación material común - Refuerzo MO;m3;7380;;Excavación;;;;;;;0;0;0;0;0;0;0;0;0;0;0;0;0;0;0;0;0;0;0;0;0;0;0;0;0;0;0;0
1.4;MO;1.4.1;Movimiento de Tierras IX Etapa;1.4.1.1;Excavación - Fundación Muro Oeste;1.4.1.1.4;VERDADERO;1.4.1.1.4;Excavación;Excavación en Roca con medios mecánicos - Refuerzo MO;m3;775;;Excavación;;;;;;;0;0;0;0;0;0;0;0;0;0;0;0;0;0;0;0;0;0;0;0;0;0;0;0;0;0;0;0
1.4;MO;1.4.1;Movimiento de Tierras IX Etapa;1.4.1.2.;Escarpes - Muro Oeste;1.4.1.2.1;VERDADERO;1.4.1.2.1;Escarpe;Escarpe en arena - MO;m3;0;;Excavación;;;;;;;0;0;0;0;0;0;0;0;0;0;0;0;0;0;0;0;0;0;0;0;0;0;0;0;0;0;0;0
1.4;MO;1.4.1;Movimiento de Tierras IX Etapa;1.4.1.2.;Escarpes - Muro Oeste;1.4.1.2.2;VERDADERO;1.4.1.2.2;Escarpe;Escarpe en arena - Refuerzo MO;m3;15017;;Excavación;;;;;;;0;0;0;0;0;0;0;0;0;0;0;0;0;0;0;0;0;0;0;0;0;0;0;0;0;0;0;0
1.4;MO;1.4.1;Movimiento de Tierras IX Etapa;1.4.1.2.;Escarpes - Muro Oeste;1.4.1.2.3;VERDADERO;1.4.1.2.3;Escarpe;Escarpe en terreno natural;m3;20015;;Excavación;;;;;;;0;0;0;0;0;0;0;0;0;0;0;0;0;0;0;0;0;0;0;0;0;0;0;0;0;0;0;0
1.4;MO;1.4.1;Movimiento de Tierras IX Etapa;1.4.1.3.;Rellenos - Aguas Abajo Muro Oeste;1.4.1.3.1;VERDADERO;1.4.1.3.1;Relleno;Relleno masivo de Lastre - aguas abajo bajo la cota 2496 - MO;m3;919853;;Relleno;919853;;07-05-2024;02-11-2024;180;;0;127757;153309;158419;158419;153309;158419;10221;0;0;0;0;0;0;0;0;0;0;0;0;0;0;0;0;0;0;0;0
1.4;MO;1.4.1;Movimiento de Tierras IX Etapa;1.4.1.3.;Rellenos - Aguas Abajo Muro Oeste;1.4.1.3.2;VERDADERO;1.4.1.3.2;Relleno;Relleno masivo de Lastre - aguas abajo  Refuerzo MO+2 rampas acceso;m3;543720;;Relleno;543720;;09-03-2025;07-05-2025;60;;0;0;0;0;0;0;0;0;0;0;0;208426;271860;63434;0;0;0;0;0;0;0;0;0;0;0;0;0;0
1.4;MO;1.4.1;Movimiento de Tierras IX Etapa;1.4.1.4.;Rellenos - Aguas Arriba Muro Oeste;1.4.1.4.1;VERDADERO;1.4.1.4.1;Zampeado;Relleno de lastre para Zampeado - MO;m3;28193;;Relleno;28193;;03-11-2024;20-11-2024;18;;0;0;0;0;0;0;0;28193;0;0;0;0;0;0;0;0;0;0;0;0;0;0;0;0;0;0;0;0
1.4;MO;1.4.1;Movimiento de Tierras IX Etapa;1.4.1.4.;Rellenos - Aguas Arriba Muro Oeste;1.4.1.4.2;VERDADERO;1.4.1.4.2;Relleno;Relleno masivo de Lastre - aguas arriba bajo la cota 2496 - MO;m3;46248;;Relleno;46248;;09-11-2024;20-11-2024;12;;0;0;0;0;0;0;0;46248;0;0;0;0;0;0;0;0;0;0;0;0;0;0;0;0;0;0;0;0
1.4;MO;1.4.1;Movimiento de Tierras IX Etapa;1.4.1.5.;Rellenos  - Coronamiento  Muro Oeste;1.4.1.5.1;VERDADERO;1.4.1.5.1;Relleno;Relleno masivo de Lastre - coronamiento sobre cota 2496 - MO;m3;316677;;Relleno;316677;;21-11-2024;08-02-2025;80;;0;0;0;0;0;0;0;39585;122712;122712;31668;0;0;0;0;0;0;0;0;0;0;0;0;0;0;0;0;0
1.4;MO;1.4.1;Movimiento de Tierras IX Etapa;1.4.1.5.;Rellenos  - Coronamiento  Muro Oeste;1.4.1.5.2;VERDADERO;1.4.1.5.2;Pretil;Pretil de seguridad - coronamiento MO;m3;7489;;Relleno;7489;;21-03-2025;28-03-2025;8;;0;0;0;0;0;0;0;0;0;0;0;7489;0;0;0;0;0;0;0;0;0;0;0;0;0;0;0;0
1.4;MO;1.4.1;Movimiento de Tierras IX Etapa;1.4.1.5.;Rellenos  - Coronamiento  Muro Oeste;1.4.1.5.3;VERDADERO;1.4.1.5.3;Relleno;Relleno tipo Filtro F1 - MO;m3;15805;;Relleno;15805;;06-03-2025;25-03-2025;20;;0;0;0;0;0;0;0;0;0;0;0;15805;0;0;0;0;0;0;0;0;0;0;0;0;0;0;0;0
1.4;MO;1.4.1;Movimiento de Tierras IX Etapa;1.4.1.5.;Rellenos  - Coronamiento  Muro Oeste;1.4.1.5.4;VERDADERO;1.4.1.5.4;Relleno;Relleno material drenante tipo D2 - MO;m3;15800;;Relleno;15800;;06-03-2025;25-03-2025;20;;0;0;0;0;0;0;0;0;0;0;0;15800;0;0;0;0;0;0;0;0;0;0;0;0;0;0;0;0
1.4;MO;1.4.1;Movimiento de Tierras IX Etapa;1.4.1.5.;Rellenos  - Coronamiento  Muro Oeste;1.4.1.5.5;VERDADERO;1.4.1.5.5;Relleno;Relleno tipo Filtro F2 - MO;m3;15830;;Relleno;15830;;06-03-2025;20-03-2025;15;;0;0;0;0;0;0;0;0;0;0;0;15830;0;0;0;0;0;0;0;0;0;0;0;0;0;0;0;0
1.5;MS1;1.5.1;"Movimiento de Tierras IX Etapa - Muro Sur 
TRAMO 1. km  10+700 a 14+600";1.5.1.1;Excavación - Fundación Muro Sur Tramo 1;1.5.1.1.1;VERDADERO;1.5.1.1.1;Excavación;Excavación - MS;m3;0;;Excavación;;;;;;;0;0;0;0;0;0;0;0;0;0;0;0;0;0;0;0;0;0;0;0;0;0;0;0;0;0;0;0
1.5;MS1;1.5.1;"Movimiento de Tierras IX Etapa - Muro Sur 
TRAMO 1. km  10+700 a 14+600";1.5.1.1;Excavación - Fundación Muro Sur Tramo 1;1.5.1.1.2;VERDADERO;1.5.1.1.2;Excavación;Excavación en Roca con medios mecánicos - MS;m3;424;;Excavación;;;;;;;0;0;0;0;0;0;0;0;0;0;0;0;0;0;0;0;0;0;0;0;0;0;0;0;0;0;0;0
1.5;MS1;1.5.1;"Movimiento de Tierras IX Etapa - Muro Sur 
TRAMO 1. km  10+700 a 14+600";1.5.1.1;Excavación - Fundación Muro Sur Tramo 1;1.5.1.1.3;VERDADERO;1.5.1.1.3;Excavación;Excavación en Roca ripable - MS;m3;0;;Excavación;;;;;;;0;0;0;0;0;0;0;0;0;0;0;0;0;0;0;0;0;0;0;0;0;0;0;0;0;0;0;0
1.5;MS1;1.5.1;"Movimiento de Tierras IX Etapa - Muro Sur 
TRAMO 1. km  10+700 a 14+600";1.5.1.2.;Escarpes  - Muro Sur Tramo 1;1.5.1.2.1;VERDADERO;1.5.1.2.1;Escarpe;Escarpe en arena - MS;m3;8848;;Excavación;;;;;;;0;0;0;0;0;0;0;0;0;0;0;0;0;0;0;0;0;0;0;0;0;0;0;0;0;0;0;0
1.5;MS1;1.5.1;"Movimiento de Tierras IX Etapa - Muro Sur 
TRAMO 1. km  10+700 a 14+600";1.5.1.3.;Rellenos - Aguas Abajo - Muro Sur Tramo 1;1.5.1.3.1;VERDADERO;1.5.1.3.1;Relleno;Relleno masivo de Lastre - aguas abajo bajo la cota 2496 - MS;m3;803852;;Relleno;803852;;10-06-2024;07-10-2024;120;;0;0;140674;207662;207662;200963;46891;0;0;0;0;0;0;0;0;0;0;0;0;0;0;0;0;0;0;0;0;0
1.5;MS1;1.5.1;"Movimiento de Tierras IX Etapa - Muro Sur 
TRAMO 1. km  10+700 a 14+600";1.5.1.4.;Rellenos - Aguas Arriba - Muro Sur Tramo 1;1.5.1.4.1;VERDADERO;1.5.1.4.1;Zampeado;Relleno de lastre para Zampeado - MS;m3;32617;;Relleno;32617;;10-06-2025;29-06-2025;20;;0;0;0;0;0;0;0;0;0;0;0;0;0;0;32617;0;0;0;0;0;0;0;0;0;0;0;0;0
1.5;MS1;1.5.1;"Movimiento de Tierras IX Etapa - Muro Sur 
TRAMO 1. km  10+700 a 14+600";1.5.1.4.;Rellenos - Aguas Arriba - Muro Sur Tramo 1;1.5.1.4.2;VERDADERO;1.5.1.4.2;Relleno;Relleno masivo de Lastre - aguas arriba bajo la cota 2496 - MS;m3;35577;;Relleno;35577;;19-06-2025;29-06-2025;11;;0;0;0;0;0;0;0;0;0;0;0;0;0;0;35577;0;0;0;0;0;0;0;0;0;0;0;0;0
1.5;MS1;1.5.1;"Movimiento de Tierras IX Etapa - Muro Sur 
TRAMO 1. km  10+700 a 14+600";1.5.1.5.;Rellenos - Coronamiento Muro Sur Tramo 1;1.5.1.5.1;VERDADERO;1.5.1.5.1;Relleno;Relleno masivo de Lastre - coronamiento sobre cota 2496 - MS;m3;270241;;Relleno;270241;;29-06-2025;17-07-2025;19;;0;0;0;0;0;0;0;0;0;0;0;0;0;0;18767;251474;0;0;0;0;0;0;0;0;0;0;0;0
1.5;MS1;1.5.1;"Movimiento de Tierras IX Etapa - Muro Sur 
TRAMO 1. km  10+700 a 14+600";1.5.1.5.;Rellenos - Coronamiento Muro Sur Tramo 1;1.5.1.5.2;VERDADERO;1.5.1.5.2;Pretil;Pretil de seguridad - coronamiento MS ;m3;7345;;Relleno;7345;;06-09-2025;09-09-2025;4;;0;0;0;0;0;0;0;0;0;0;0;0;0;0;0;0;0;7345;0;0;0;0;0;0;0;0;0;0
1.5;MS1;1.5.1;"Movimiento de Tierras IX Etapa - Muro Sur 
TRAMO 1. km  10+700 a 14+600";1.5.1.5.;Rellenos - Coronamiento Muro Sur Tramo 1;1.5.1.5.3;VERDADERO;1.5.1.5.3;Relleno;Relleno tipo Filtro F1 - MS;m3;15640;;Relleno;15640;;01-08-2025;17-08-2025;17;;0;0;0;0;0;0;0;0;0;0;0;0;0;0;0;0;15640;0;0;0;0;0;0;0;0;0;0;0
1.5;MS1;1.5.1;"Movimiento de Tierras IX Etapa - Muro Sur 
TRAMO 1. km  10+700 a 14+600";1.5.1.5.;Rellenos - Coronamiento Muro Sur Tramo 1;1.5.1.5.4;VERDADERO;1.5.1.5.4;Relleno;Relleno material drenante tipo D2 - MS;m3;15641;;Relleno;15641;;17-08-2025;27-08-2025;11;;0;0;0;0;0;0;0;0;0;0;0;0;0;0;0;0;15641;0;0;0;0;0;0;0;0;0;0;0
1.5;MS1;1.5.1;"Movimiento de Tierras IX Etapa - Muro Sur 
TRAMO 1. km  10+700 a 14+600";1.5.1.5.;Rellenos - Coronamiento Muro Sur Tramo 1;1.5.1.5.5;VERDADERO;1.5.1.5.5;Relleno;Relleno tipo Filtro F2 - MS;m3;15641;;Relleno;15641;;27-08-2025;06-09-2025;11;;0;0;0;0;0;0;0;0;0;0;0;0;0;0;0;0;6647;8994;0;0;0;0;0;0;0;0;0;0
1.5;MS2;1.5.2;"Movimiento de Tierras IX Etapa - Muro Sur 
TRAMO 2. km  14+600 a 15+740";1.5.2.1;Excavación- Fundación Muro Sur Tramo 2  ;1.5.2.1.1;VERDADERO;1.5.2.1.1;Excavación;Excavación - MS;m3;0;;Excavación;;;;;;;0;0;0;0;0;0;0;0;0;0;0;0;0;0;0;0;0;0;0;0;0;0;0;0;0;0;0;0
1.5;MS2;1.5.2;"Movimiento de Tierras IX Etapa - Muro Sur 
TRAMO 2. km  14+600 a 15+740";1.5.2.1;Excavación- Fundación Muro Sur Tramo 2  ;1.5.2.1.2;VERDADERO;1.5.2.1.2;Excavación;Excavación en Roca con medios mecánicos - MS;m3;200;;Excavación;;;;;;;0;0;0;0;0;0;0;0;0;0;0;0;0;0;0;0;0;0;0;0;0;0;0;0;0;0;0;0
1.5;MS2;1.5.2;"Movimiento de Tierras IX Etapa - Muro Sur 
TRAMO 2. km  14+600 a 15+740";1.5.2.1;Excavación- Fundación Muro Sur Tramo 2  ;1.5.2.1.3;VERDADERO;1.5.2.1.3;Excavación;Excavación en Roca ripable - MS;m3;0;;Excavación;;;;;;;0;0;0;0;0;0;0;0;0;0;0;0;0;0;0;0;0;0;0;0;0;0;0;0;0;0;0;0
1.5;MS2;1.5.2;"Movimiento de Tierras IX Etapa - Muro Sur 
TRAMO 2. km  14+600 a 15+740";1.5.2.2;Rellenos - Aguas Abajo Muro Sur Tramo 2  ;1.5.2.2.1;VERDADERO;1.5.2.2.1;Relleno;Relleno masivo de Lastre - aguas abajo bajo la cota 2496 - MS;m3;123235;;Relleno;123235;;17-10-2024;01-12-2024;46;;0;0;0;0;0;0;39024;82157;2054;0;0;0;0;0;0;0;0;0;0;0;0;0;0;0;0;0;0;0
1.5;MS2;1.5.2;"Movimiento de Tierras IX Etapa - Muro Sur 
TRAMO 2. km  14+600 a 15+740";1.5.2.3;Rellenos - Aguas Arriba - Muro Sur Tramo 2;1.5.2.3.1;VERDADERO;1.5.2.3.1;Zampeado;Relleno de lastre para Zampeado - MS;m3;12635;;Relleno;12635;;03-06-2025;10-06-2025;8;;0;0;0;0;0;0;0;0;0;0;0;0;0;0;12635;0;0;0;0;0;0;0;0;0;0;0;0;0
1.5;MS2;1.5.2;"Movimiento de Tierras IX Etapa - Muro Sur 
TRAMO 2. km  14+600 a 15+740";1.5.2.3;Rellenos - Aguas Arriba - Muro Sur Tramo 2;1.5.2.3.2;VERDADERO;1.5.2.3.2;Relleno;Relleno masivo de Lastre - aguas arriba bajo la cota 2496 - MS;m3;8878;;Relleno;8878;;06-06-2025;10-06-2025;5;;0;0;0;0;0;0;0;0;0;0;0;0;0;0;8878;0;0;0;0;0;0;0;0;0;0;0;0;0
1.5;MS2;1.5.2;"Movimiento de Tierras IX Etapa - Muro Sur 
TRAMO 2. km  14+600 a 15+740";1.5.2.4;Rellenos - Coronamiento Muro Sur Tramo 2;1.5.2.4.1;VERDADERO;1.5.2.4.1;Relleno;Relleno masivo de Lastre - coronamiento sobre cota 2496 - MS;m3;87925;;Relleno;87925;;10-06-2025;20-06-2025;11;;0;0;0;0;0;0;0;0;0;0;0;0;0;0;87925;0;0;0;0;0;0;0;0;0;0;0;0;0
1.5;MS2;1.5.2;"Movimiento de Tierras IX Etapa - Muro Sur 
TRAMO 2. km  14+600 a 15+740";1.5.2.4;Rellenos - Coronamiento Muro Sur Tramo 2;1.5.2.4.2;VERDADERO;1.5.2.4.2;Pretil;Pretil de seguridad - coronamiento MS ;m3;2141;;Relleno;2141;;05-07-2025;07-07-2025;3;;0;0;0;0;0;0;0;0;0;0;0;0;0;0;0;2141;0;0;0;0;0;0;0;0;0;0;0;0
1.5;MS2;1.5.2;"Movimiento de Tierras IX Etapa - Muro Sur 
TRAMO 2. km  14+600 a 15+740";1.5.2.4;Rellenos - Coronamiento Muro Sur Tramo 2;1.5.2.4.3;VERDADERO;1.5.2.4.3;Relleno;Relleno tipo Filtro F1 - MS;m3;4640;;Relleno;4640;;10-06-2025;20-06-2025;11;;0;0;0;0;0;0;0;0;0;0;0;0;0;0;4640;0;0;0;0;0;0;0;0;0;0;0;0;0
1.5;MS2;1.5.2;"Movimiento de Tierras IX Etapa - Muro Sur 
TRAMO 2. km  14+600 a 15+740";1.5.2.4;Rellenos - Coronamiento Muro Sur Tramo 2;1.5.2.4.4;VERDADERO;1.5.2.4.4;Relleno;Relleno material drenante tipo D2 - MS;m3;4641;;Relleno;4641;;15-06-2025;20-06-2025;6;;0;0;0;0;0;0;0;0;0;0;0;0;0;0;4641;0;0;0;0;0;0;0;0;0;0;0;0;0
1.5;MS3;1.5.3;"Movimiento de Tierras IX Etapa - Muro Sur 
TRAMO 3. km  15+740 a 18+600";1.5.3.1;Excavación - Fundación Muro Sur Tramo 3;1.5.3.1.1;VERDADERO;1.5.3.1.1;Excavación;Excavación - MS;m3;27555;;Excavación;;;;;;;0;0;0;0;0;0;0;0;0;0;0;0;0;0;0;0;0;0;0;0;0;0;0;0;0;0;0;0
1.5;MS3;1.5.3;"Movimiento de Tierras IX Etapa - Muro Sur 
TRAMO 3. km  15+740 a 18+600";1.5.3.1;Excavación - Fundación Muro Sur Tramo 3;1.5.3.1.2;VERDADERO;1.5.3.1.2;Excavación;Excavación en Roca con medios mecánicos - MS;m3;10682;;Excavación;;;;;;;0;0;0;0;0;0;0;0;0;0;0;0;0;0;0;0;0;0;0;0;0;0;0;0;0;0;0;0
1.5;MS3;1.5.3;"Movimiento de Tierras IX Etapa - Muro Sur 
TRAMO 3. km  15+740 a 18+600";1.5.3.1;Excavación - Fundación Muro Sur Tramo 3;1.5.3.1.3;VERDADERO;1.5.3.1.3;Excavación;Excavación en Roca ripable - MS;m3;71484;;Excavación;;;;;;;0;0;0;0;0;0;0;0;0;0;0;0;0;0;0;0;0;0;0;0;0;0;0;0;0;0;0;0
1.5;MS3;1.5.3;"Movimiento de Tierras IX Etapa - Muro Sur 
TRAMO 3. km  15+740 a 18+600";1.5.3.2;Rellenos -Aguas Abajo Muro Sur Tramo 3;1.5.3.2.1;VERDADERO;1.5.3.2.1;Relleno;Relleno masivo de Lastre - aguas abajo bajo la cota 2496 - MS;m3;368087;;Relleno;368087;;01-12-2024;11-05-2025;162;;0;0;0;0;0;0;0;0;69159;70874;64015;70874;68588;24577;0;0;0;0;0;0;0;0;0;0;0;0;0;0
1.5;MS3;1.5.3;"Movimiento de Tierras IX Etapa - Muro Sur 
TRAMO 3. km  15+740 a 18+600";1.5.3.3;Rellenos  - Aguas Arriba - Muro Sur Tramo 3;1.5.3.3.1;VERDADERO;1.5.3.3.1;Relleno;Relleno Tipo relaves - MS;m3;38826;;Relleno;38826;;02-06-2025;10-06-2025;9;;0;0;0;0;0;0;0;0;0;0;0;0;0;0;38826;0;0;0;0;0;0;0;0;0;0;0;0;0
1.5;MS3;1.5.3;"Movimiento de Tierras IX Etapa - Muro Sur 
TRAMO 3. km  15+740 a 18+600";1.5.3.3;Rellenos  - Aguas Arriba - Muro Sur Tramo 3;1.5.3.3.2;VERDADERO;1.5.3.3.2;Relleno;Relleno tipo Filtro F1 - Talud aguas arriba MS;m3;11256;;Relleno;11256;;31-03-2025;18-04-2025;19;;0;0;0;0;0;0;0;0;0;0;0;156;11100;0;0;0;0;0;0;0;0;0;0;0;0;0;0;0
1.5;MS3;1.5.3;"Movimiento de Tierras IX Etapa - Muro Sur 
TRAMO 3. km  15+740 a 18+600";1.5.3.4;Rellenos  - Coronamiento Muro Sur Tramo 3;1.5.3.4.1;VERDADERO;1.5.3.4.1;Relleno;Relleno masivo de Lastre - coronamiento sobre cota 2496 - MS;m3;232279;;Relleno;232279;;11-05-2025;10-06-2025;31;;0;0;0;0;0;0;0;0;0;0;0;0;0;156788;75491;0;0;0;0;0;0;0;0;0;0;0;0;0
1.5;MS3;1.5.3;"Movimiento de Tierras IX Etapa - Muro Sur 
TRAMO 3. km  15+740 a 18+600";1.5.3.4;Rellenos  - Coronamiento Muro Sur Tramo 3;1.5.3.4.2;VERDADERO;1.5.3.4.2;Pretil;Pretil de seguridad - coronamiento MS ;m3;5373;;Relleno;5373;;05-06-2025;10-06-2025;6;;0;0;0;0;0;0;0;0;0;0;0;0;0;0;5373;0;0;0;0;0;0;0;0;0;0;0;0;0
1.5;MS3;1.5.3;"Movimiento de Tierras IX Etapa - Muro Sur 
TRAMO 3. km  15+740 a 18+600";1.5.3.5;Impermeabilización de Taludes;1.5.3.5.3;VERDADERO;1.5.3.5.3;Escarpe;Escarpe en terreno natural -  MS;m3;5411;;Excavación;;;;;;;0;0;0;0;0;0;0;0;0;0;0;0;0;0;0;0;0;0;0;0;0;0;0;0;0;0;0;0
1.5;MS3;1.5.3;"Movimiento de Tierras IX Etapa - Muro Sur 
TRAMO 3. km  15+740 a 18+600";1.5.3.5;Impermeabilización de Taludes;1.5.3.5.4;VERDADERO;1.5.3.5.4;Relleno;Relleno Tipo relaves - MS;m3;647;;Relleno;647;;15-06-2025;20-06-2025;6;;0;0;0;0;0;0;0;0;0;0;0;0;0;0;647;0;0;0;0;0;0;0;0;0;0;0;0;0
1.5;MS3;1.5.3;"Movimiento de Tierras IX Etapa - Muro Sur 
TRAMO 3. km  15+740 a 18+600";1.5.3.5;Impermeabilización de Taludes;1.5.3.5.5;VERDADERO;1.5.3.5.5;Relleno;Relleno Tipo relaves - No compactados - MS;m3;4963;;Relleno;4963;;10-07-2025;16-07-2025;7;;0;0;0;0;0;0;0;0;0;0;0;0;0;0;0;4963;0;0;0;0;0;0;0;0;0;0;0;0
1.5;MS4;1.5.4;"Movimiento de Tierras IX Etapa - Muro Sur 
TRAMO 4. km  18+600 a 21+320";1.5.4.1;Excavación- Fundación Muro Sur Tramo 4;1.5.4.1.1;VERDADERO;1.5.4.1.1;Excavación;Excavación - MS;m3;77008;;Excavación;;;;;;;0;0;0;0;0;0;0;0;0;0;0;0;0;0;0;0;0;0;0;0;0;0;0;0;0;0;0;0
1.5;MS4;1.5.4;"Movimiento de Tierras IX Etapa - Muro Sur 
TRAMO 4. km  18+600 a 21+320";1.5.4.1;Excavación- Fundación Muro Sur Tramo 4;1.5.4.1.2;VERDADERO;1.5.4.1.2;Excavación;Excavación en Roca con medios mecánicos - MS;m3;15009;;Excavación;;;;;;;0;0;0;0;0;0;0;0;0;0;0;0;0;0;0;0;0;0;0;0;0;0;0;0;0;0;0;0
1.5;MS4;1.5.4;"Movimiento de Tierras IX Etapa - Muro Sur 
TRAMO 4. km  18+600 a 21+320";1.5.4.1;Excavación- Fundación Muro Sur Tramo 4;1.5.4.1.3;VERDADERO;1.5.4.1.3;Excavación;Excavación en Roca ripable - MS;m3;100449;;Excavación;;;;;;;0;0;0;0;0;0;0;0;0;0;0;0;0;0;0;0;0;0;0;0;0;0;0;0;0;0;0;0
1.5;MS4;1.5.4;"Movimiento de Tierras IX Etapa - Muro Sur 
TRAMO 4. km  18+600 a 21+320";1.5.4.2;Rellenos - Aguas Abajo Muro Sur Tramo 4;1.5.4.2.1;VERDADERO;1.5.4.2.1;Relleno;Relleno masivo de Lastre - aguas abajo bajo la cota 2496 - MS;m3;169940;;Relleno;169940;;09-08-2025;18-09-2025;41;;0;0;0;0;0;0;0;0;0;0;0;0;0;0;0;0;94529;75411;0;0;0;0;0;0;0;0;0;0
1.5;MS4;1.5.4;"Movimiento de Tierras IX Etapa - Muro Sur 
TRAMO 4. km  18+600 a 21+320";1.5.4.3;Rellenos - Aguas Arriba - Muro Sur Tramo 4;1.5.4.3.1;VERDADERO;1.5.4.3.1;Relleno;Relleno Tipo relaves - MS;m3;33830;;Relleno;33830;;19-09-2025;29-09-2025;11;;0;0;0;0;0;0;0;0;0;0;0;0;0;0;0;0;0;33830;0;0;0;0;0;0;0;0;0;0
1.5;MS4;1.5.4;"Movimiento de Tierras IX Etapa - Muro Sur 
TRAMO 4. km  18+600 a 21+320";1.5.4.3;Rellenos - Aguas Arriba - Muro Sur Tramo 4;1.5.4.3.2;VERDADERO;1.5.4.3.2;Relleno;Relleno tipo Filtro F1 - talud aguas arriba -  MS;m3;9692;;Relleno;9692;;18-09-2025;23-09-2025;6;;0;0;0;0;0;0;0;0;0;0;0;0;0;0;0;0;0;9692;0;0;0;0;0;0;0;0;0;0
1.5;MS4;1.5.4;"Movimiento de Tierras IX Etapa - Muro Sur 
TRAMO 4. km  18+600 a 21+320";1.5.4.4;Rellenos - Coronamiento Muro Sur Tramo 4;1.5.4.4.1;VERDADERO;1.5.4.4.1;Relleno;Relleno masivo de Lastre - coronamiento sobre cota 2496 - MS;m3;194100;;Relleno;194100;;29-09-2025;08-11-2025;41;;0;0;0;0;0;0;0;0;0;0;0;0;0;0;0;0;0;6066;150428;37607;0;0;0;0;0;0;0;0
1.5;MS4;1.5.4;"Movimiento de Tierras IX Etapa - Muro Sur 
TRAMO 4. km  18+600 a 21+320";1.5.4.4;Rellenos - Coronamiento Muro Sur Tramo 4;1.5.4.4.2;VERDADERO;1.5.4.4.2;Pretil;Pretil de seguridad - coronamiento MS ;m3;4620;;Relleno;4620;;08-11-2025;13-11-2025;6;;0;0;0;0;0;0;0;0;0;0;0;0;0;0;0;0;0;0;0;4620;0;0;0;0;0;0;0;0
1.5;MS4;1.5.4;"Movimiento de Tierras IX Etapa - Muro Sur 
TRAMO 4. km  18+600 a 21+320";1.5.4.5;Impermeabilización de Taludes;1.5.4.5.3;VERDADERO;1.5.4.5.3;Escarpe;Escarpe en terreno natural -  MS ;m3;15062;;Excavación;;;;;;;0;0;0;0;0;0;0;0;0;0;0;0;0;0;0;0;0;0;0;0;0;0;0;0;0;0;0;0
1.5;MS4;1.5.4;"Movimiento de Tierras IX Etapa - Muro Sur 
TRAMO 4. km  18+600 a 21+320";1.5.4.5;Impermeabilización de Taludes;1.5.4.5.4;VERDADERO;1.5.4.5.4;Relleno;Relleno Tipo relaves - MS;m3;1458;;Relleno;1458;;24-11-2025;03-12-2025;10;;0;0;0;0;0;0;0;0;0;0;0;0;0;0;0;0;0;0;0;1021;437;0;0;0;0;0;0;0
1.5;MS4;1.5.4;"Movimiento de Tierras IX Etapa - Muro Sur 
TRAMO 4. km  18+600 a 21+320";1.5.4.5;Impermeabilización de Taludes;1.5.4.5.5;VERDADERO;1.5.4.5.5;Relleno;Relleno Tipo relaves - No compactados - MS;m3;15168;;Relleno;15168;;29-12-2025;07-01-2026;10;;0;0;0;0;0;0;0;0;0;0;0;0;0;0;0;0;0;0;0;0;4550;10618;0;0;0;0;0;0
1.6;MSO1;1.6.1;Movimiento de Tierras IX Etapa;1.6.1.1;Excavación- Fundación Muro Suroriente 1;1.6.1.1.1;VERDADERO;1.6.1.1.1;Excavación;Excavación material común - MSO1;m3;519;;Excavación;;;;;;;0;0;0;0;0;0;0;0;0;0;0;0;0;0;0;0;0;0;0;0;0;0;0;0;0;0;0;0
1.6;MSO1;1.6.1;Movimiento de Tierras IX Etapa;1.6.1.1;Excavación- Fundación Muro Suroriente 1;1.6.1.1.2;VERDADERO;1.6.1.1.2;Excavación;Excavación en Roca con medios mecánicos - MSO1;m3;52;;Excavación;;;;;;;0;0;0;0;0;0;0;0;0;0;0;0;0;0;0;0;0;0;0;0;0;0;0;0;0;0;0;0
1.6;MSO1;1.6.1;Movimiento de Tierras IX Etapa;1.6.1.1;Excavación- Fundación Muro Suroriente 1;1.6.1.1.3;VERDADERO;1.6.1.1.3;Excavación;Excavación en Roca ripable - MSO1;m3;347;;Excavación;;;;;;;0;0;0;0;0;0;0;0;0;0;0;0;0;0;0;0;0;0;0;0;0;0;0;0;0;0;0;0
1.6;MSO1;1.6.1;Movimiento de Tierras IX Etapa;1.6.1.2;Rellenos Lastre - Muro Sur Oriente 1;1.6.1.2.1;VERDADERO;1.6.1.2.1;Relleno;Relleno masivo de Lastre - coronamiento sobre cota 2496 - MSO1;m3;3297;;Relleno;3297;;18-12-2025;28-12-2025;11;;0;0;0;0;0;0;0;0;0;0;0;0;0;0;0;0;0;0;0;0;3297;0;0;0;0;0;0;0
1.6;MSO1;1.6.1;Movimiento de Tierras IX Etapa;1.6.1.2;Rellenos Lastre - Muro Sur Oriente 1;1.6.1.2.2;VERDADERO;1.6.1.2.2;Pretil;Pretil de seguridad - coronamiento MSO1;m3;639;;Relleno;639;;28-12-2025;02-01-2026;6;;0;0;0;0;0;0;0;0;0;0;0;0;0;0;0;0;0;0;0;0;415;224;0;0;0;0;0;0
1.6;MSO1;1.6.1;Movimiento de Tierras IX Etapa;1.6.1.3;Rellenos - Filtro y Relaves   en talud aguas arriba;1.6.1.3.1;VERDADERO;1.6.1.3.1;Relleno;Relleno tipo Filtro F1 - Talud aguas arriba MSO1;m3;0;;Relleno;0;;02-01-2026;02-01-2026;1;;0;0;0;0;0;0;0;0;0;0;0;0;0;0;0;0;0;0;0;0;0;0;0;0;0;0;0;0
1.6;MSO1;1.6.1;Movimiento de Tierras IX Etapa;1.6.1.3;Rellenos - Filtro y Relaves   en talud aguas arriba;1.6.1.3.2;VERDADERO;1.6.1.3.2;Relleno;Relleno Tipo relaves - MSO1;m3;1234;;Relleno;1234;;02-01-2026;12-01-2026;11;;0;0;0;0;0;0;0;0;0;0;0;0;0;0;0;0;0;0;0;0;0;1234;0;0;0;0;0;0
1.5;MS2;1.5.2;"Movimiento de Tierras IX Etapa - Muro Sur 
TRAMO 2. km  14+600 a 15+740";1.5.2.4;Rellenos - Coronamiento Muro Sur Tramo 2;1.6.2.4.5;VERDADERO;1.5.2.4.5;Relleno;Relleno tipo Filtro F2 - MS;m3;4639;;Relleno;4639;;20-06-2025;05-07-2025;16;;0;0;0;0;0;0;0;0;0;0;0;0;0;0;3170;1469;0;0;0;0;0;0;0;0;0;0;0;0
1.7;MS4;1.7.1;Movimiento de Tierras Estribos IX Etapa;1.7.1.1;TRATAMIENTO DE ESTRIBOS;1.7.1.1.1.A;VERDADERO;1.7.1.1.1;Excavación;Excavación en Roca con medios mecánicos - Estribos;m3;13419;;Excavación;;;;;;;0;0;0;0;0;0;0;0;0;0;0;0;0;0;0;0;0;0;0;0;0;0;0;0;0;0;0;0
1.7;MO;1.7.1;Movimiento de Tierras Estribos IX Etapa;1.7.1.1;TRATAMIENTO DE ESTRIBOS;1.7.1.1.1.B;VERDADERO;1.7.1.1.1;Excavación;Excavación en Roca con medios mecánicos - Estribos;m3;13419;;Excavación;;;;;;;0;0;0;0;0;0;0;0;0;0;0;0;0;0;0;0;0;0;0;0;0;0;0;0;0;0;0;0
1.7;MNO1;1.7.1;Movimiento de Tierras Estribos IX Etapa;1.7.1.1;TRATAMIENTO DE ESTRIBOS;1.7.1.1.1.C;VERDADERO;1.7.1.1.1;Excavación;Excavación en Roca con medios mecánicos - Estribos;m3;13419;;Excavación;;;;;;;0;0;0;0;0;0;0;0;0;0;0;0;0;0;0;0;0;0;0;0;0;0;0;0;0;0;0;0
1.7;MNO2;1.7.1;Movimiento de Tierras Estribos IX Etapa;1.7.1.1;TRATAMIENTO DE ESTRIBOS;1.7.1.1.1.D;VERDADERO;1.7.1.1.1;Excavación;Excavación en Roca con medios mecánicos - Estribos;m3;13419;;Excavación;;;;;;;0;0;0;0;0;0;0;0;0;0;0;0;0;0;0;0;0;0;0;0;0;0;0;0;0;0;0;0
1.7;MN2;1.7.1;Movimiento de Tierras Estribos IX Etapa;1.7.1.1;TRATAMIENTO DE ESTRIBOS;1.7.1.1.1.E;VERDADERO;1.7.1.1.1;Excavación;Excavación en Roca con medios mecánicos - Estribos;m3;13419;;Excavación;;;;;;;0;0;0;0;0;0;0;0;0;0;0;0;0;0;0;0;0;0;0;0;0;0;0;0;0;0;0;0
1.7;MSO1;1.7.1;Movimiento de Tierras Estribos IX Etapa;1.7.1.1;TRATAMIENTO DE ESTRIBOS;1.7.1.1.1.F;VERDADERO;1.7.1.1.1;Excavación;Excavación en Roca con medios mecánicos - Estribos;m3;13423;;Excavación;;;;;;;0;0;0;0;0;0;0;0;0;0;0;0;0;0;0;0;0;0;0;0;0;0;0;0;0;0;0;0
1.7;MS4;1.7.1;Movimiento de Tierras Estribos IX Etapa;1.7.1.1;TRATAMIENTO DE ESTRIBOS;1.7.1.1.3.A;VERDADERO;1.7.1.1.3;Relleno;Suministro y colocación de material arcilloso proveniente de empréstito externo;m3;95;;Relleno;95;;16-04-2024;20-04-2024;5;;95;0;0;0;0;0;0;0;0;0;0;0;0;0;0;0;0;0;0;0;0;0;0;0;0;0;0;0
1.7;MO;1.7.1;Movimiento de Tierras Estribos IX Etapa;1.7.1.1;TRATAMIENTO DE ESTRIBOS;1.7.1.1.3.B;VERDADERO;1.7.1.1.3;Relleno;Suministro y colocación de material arcilloso proveniente de empréstito externo;m3;95;;Relleno;95;;26-11-2024;27-11-2024;2;;0;0;0;0;0;0;0;95;0;0;0;0;0;0;0;0;0;0;0;0;0;0;0;0;0;0;0;0
1.7;MNO1;1.7.1;Movimiento de Tierras Estribos IX Etapa;1.7.1.1;TRATAMIENTO DE ESTRIBOS;1.7.1.1.3.C;VERDADERO;1.7.1.1.3;Relleno;Suministro y colocación de material arcilloso proveniente de empréstito externo;m3;95;;Relleno;95;;31-10-2024;04-11-2024;5;;0;0;0;0;0;0;19;76;0;0;0;0;0;0;0;0;0;0;0;0;0;0;0;0;0;0;0;0
1.7;MNO2;1.7.1;Movimiento de Tierras Estribos IX Etapa;1.7.1.1;TRATAMIENTO DE ESTRIBOS;1.7.1.1.3.D;VERDADERO;1.7.1.1.3;Relleno;Suministro y colocación de material arcilloso proveniente de empréstito externo;m3;95;;Relleno;95;;12-11-2024;16-11-2024;5;;0;0;0;0;0;0;0;95;0;0;0;0;0;0;0;0;0;0;0;0;0;0;0;0;0;0;0;0
1.7;MN2;1.7.1;Movimiento de Tierras Estribos IX Etapa;1.7.1.1;TRATAMIENTO DE ESTRIBOS;1.7.1.1.3.E;VERDADERO;1.7.1.1.3;Relleno;Suministro y colocación de material arcilloso proveniente de empréstito externo;m3;840;;Relleno;840;;26-06-2024;01-07-2024;6;;0;0;729;111;0;0;0;0;0;0;0;0;0;0;0;0;0;0;0;0;0;0;0;0;0;0;0;0
1.7;MSO1;1.7.1;Movimiento de Tierras Estribos IX Etapa;1.7.1.1;TRATAMIENTO DE ESTRIBOS;1.7.1.1.3.F;VERDADERO;1.7.1.1.3;Relleno;Suministro y colocación de material arcilloso proveniente de empréstito externo;m3;95;;Relleno;95;;03-12-2025;08-12-2025;6;;0;0;0;0;0;0;0;0;0;0;0;0;0;0;0;0;0;0;0;0;95;0;0;0;0;0;0;0
1.7;MS4;1.7.1;Movimiento de Tierras Estribos IX Etapa;1.7.1.1;TRATAMIENTO DE ESTRIBOS;1.7.1.1.5.A;VERDADERO;1.7.1.1.5;Excavación;Excavación en Roca ripable - Estribos;m3;0;;Excavación;;;;;;;0;0;0;0;0;0;0;0;0;0;0;0;0;0;0;0;0;0;0;0;0;0;0;0;0;0;0;0
1.7;MO;1.7.1;Movimiento de Tierras Estribos IX Etapa;1.7.1.1;TRATAMIENTO DE ESTRIBOS;1.7.1.1.5.B;VERDADERO;1.7.1.1.5;Excavación;Excavación en Roca ripable - Estribos;m3;0;;Excavación;;;;;;;0;0;0;0;0;0;0;0;0;0;0;0;0;0;0;0;0;0;0;0;0;0;0;0;0;0;0;0
1.7;MNO1;1.7.1;Movimiento de Tierras Estribos IX Etapa;1.7.1.1;TRATAMIENTO DE ESTRIBOS;1.7.1.1.5.C;VERDADERO;1.7.1.1.5;Excavación;Excavación en Roca ripable - Estribos;m3;0;;Excavación;;;;;;;0;0;0;0;0;0;0;0;0;0;0;0;0;0;0;0;0;0;0;0;0;0;0;0;0;0;0;0
1.7;MNO2;1.7.1;Movimiento de Tierras Estribos IX Etapa;1.7.1.1;TRATAMIENTO DE ESTRIBOS;1.7.1.1.5.D;VERDADERO;1.7.1.1.5;Excavación;Excavación en Roca ripable - Estribos;m3;0;;Excavación;;;;;;;0;0;0;0;0;0;0;0;0;0;0;0;0;0;0;0;0;0;0;0;0;0;0;0;0;0;0;0
1.7;MN2;1.7.1;Movimiento de Tierras Estribos IX Etapa;1.7.1.1;TRATAMIENTO DE ESTRIBOS;1.7.1.1.5.E;VERDADERO;1.7.1.1.5;Excavación;Excavación en Roca ripable - Estribos;m3;0;;Excavación;;;;;;;0;0;0;0;0;0;0;0;0;0;0;0;0;0;0;0;0;0;0;0;0;0;0;0;0;0;0;0
1.7;MSO1;1.7.1;Movimiento de Tierras Estribos IX Etapa;1.7.1.1;TRATAMIENTO DE ESTRIBOS;1.7.1.1.5.F;VERDADERO;1.7.1.1.5;Excavación;Excavación en Roca ripable - Estribos;m3;0;;Excavación;;;;;;;0;0;0;0;0;0;0;0;0;0;0;0;0;0;0;0;0;0;0;0;0;0;0;0;0;0;0;0
10.1;EBMN;10.1.1;Movimiento de tierras- Alimentación Eléctrica Estación Móvil Norte;10.1.1;Movimiento de tierras- Alimentación Eléctrica Estación Móvil Norte;10.1.1.1.1;VERDADERO;10.1.1.1.1;Excavación;Excavación en material común - en zanja alimentación eléctrica EBMN;m3;150;;Excavación;;;;;;;0;0;0;0;0;0;0;0;0;0;0;0;0;0;0;0;0;0;0;0;0;0;0;0;0;0;0;0
10.1;EBMN;10.1.1;Movimiento de tierras- Alimentación Eléctrica Estación Móvil Norte;10.1.1;Movimiento de tierras- Alimentación Eléctrica Estación Móvil Norte;10.1.1.1.1.A;VERDADERO;10.1.1.1.1;Excavación;Excavación en material común - en zanja alimentación eléctrica EBMN;m3;22815;;Excavación;;;;;;;0;0;0;0;0;0;0;0;0;0;0;0;0;0;0;0;0;0;0;0;0;0;0;0;0;0;0;0
10.1;EBMN;10.1.1;Movimiento de tierras- Alimentación Eléctrica Estación Móvil Norte;10.1.1;Movimiento de tierras- Alimentación Eléctrica Estación Móvil Norte;10.1.1.1.1.B;VERDADERO;10.1.1.1.1;Excavación;Excavación en material común - en zanja alimentación eléctrica EBMN;m3;3039;;Excavación;;;;;;;0;0;0;0;0;0;0;0;0;0;0;0;0;0;0;0;0;0;0;0;0;0;0;0;0;0;0;0
10.1;EBMN;10.1.1;Movimiento de tierras- Alimentación Eléctrica Estación Móvil Norte;10.1.1;Movimiento de tierras- Alimentación Eléctrica Estación Móvil Norte;10.1.1.1.2;VERDADERO;10.1.1.1.2;Excavación;Excavación en roca con medios mecánicos - en zanja Postes y Anclajes alimentación eléctrica EBMN;m3;35;;Excavación;;;;;;;0;0;0;0;0;0;0;0;0;0;0;0;0;0;0;0;0;0;0;0;0;0;0;0;0;0;0;0
10.1;EBMN;10.1.1;Movimiento de tierras- Alimentación Eléctrica Estación Móvil Norte;10.1.1;Movimiento de tierras- Alimentación Eléctrica Estación Móvil Norte;10.1.1.1.3;VERDADERO;10.1.1.1.3;Relleno;Rellenos no controlados con material común -  Postes y Anclajes  alimentación eléctrica EBMN;m3;220;;Relleno;220;;01-06-2024;02-06-2024;2;;0;0;220;0;0;0;0;0;0;0;0;0;0;0;0;0;0;0;0;0;0;0;0;0;0;0;0;0
10.1;EBMN;10.1.1;Movimiento de tierras- Alimentación Eléctrica Estación Móvil Norte;10.1.1;Movimiento de tierras- Alimentación Eléctrica Estación Móvil Norte;10.1.1.1.4;VERDADERO;10.1.1.1.4;Relleno;Relleno con material seleccionado -  Postes y Anclajes  alimentación eléctrica EBMN;m3;230;;Relleno;230;;03-06-2024;04-06-2024;2;;0;0;230;0;0;0;0;0;0;0;0;0;0;0;0;0;0;0;0;0;0;0;0;0;0;0;0;0
10.1;EBMN;10.1.1;Movimiento de tierras- Alimentación Eléctrica Estación Móvil Norte;10.1.1;Movimiento de tierras- Alimentación Eléctrica Estación Móvil Norte;10.1.1.1.5;VERDADERO;10.1.1.1.5;Excavación;Excavación en roca ripable - en zanja amimentacion electrica EBMN;m3;232;;Excavación;;;;;;;0;0;0;0;0;0;0;0;0;0;0;0;0;0;0;0;0;0;0;0;0;0;0;0;0;0;0;0
10.1;MN1;10.1.1;Movimiento de tierras- Alimentación Eléctrica Estación Móvil Norte;10.1.1;Movimiento de tierras- Alimentación Eléctrica Estación Móvil Norte;10.1.1.2.1;VERDADERO;10.1.1.2.1;Perforación;Perforación en material común  con barreno  (diámetros > 050 m);m3;1;;Excavación;;;;;;;0;0;0;0;0;0;0;0;0;0;0;0;0;0;0;0;0;0;0;0;0;0;0;0;0;0;0;0
10.1;MN1;10.1.1;Movimiento de tierras- Alimentación Eléctrica Estación Móvil Norte;10.1.1;Movimiento de tierras- Alimentación Eléctrica Estación Móvil Norte;10.1.1.2.2;VERDADERO;10.1.1.2.2;Perforación;Perforación en roca  con barreno  (diámetros > 050 m) ;m3;1;;Excavación;;;;;;;0;0;0;0;0;0;0;0;0;0;0;0;0;0;0;0;0;0;0;0;0;0;0;0;0;0;0;0
10.2;EBMP;10.2.1;Movimiento de Tierras- Alimentación eléctrica Dren Muro Sur;10.2.1;Movimiento de Tierras- Alimentación eléctrica Dren Muro Sur;10.2.1.1.1;VERDADERO;10.2.1.1.1;Excavación;Excavación en material común - en zanja Alimentación eléctrica Dren Muro Sur;m3;0;;Excavación;;;;;;;0;0;0;0;0;0;0;0;0;0;0;0;0;0;0;0;0;0;0;0;0;0;0;0;0;0;0;0
10.2;EBMP;10.2.1;Movimiento de Tierras- Alimentación eléctrica Dren Muro Sur;10.2.1;Movimiento de Tierras- Alimentación eléctrica Dren Muro Sur;10.2.1.1.2;VERDADERO;10.2.1.1.2;Excavación;Excavacion en roca con medios mecánicos - en zanja Postes y Anclajes Alimentación eléctrica Dren Muro Sur;m3;0;;Excavación;;;;;;;0;0;0;0;0;0;0;0;0;0;0;0;0;0;0;0;0;0;0;0;0;0;0;0;0;0;0;0
10.2;EBMP;10.2.1;Movimiento de Tierras- Alimentación eléctrica Dren Muro Sur;10.2.1;Movimiento de Tierras- Alimentación eléctrica Dren Muro Sur;10.2.1.1.3;VERDADERO;10.2.1.1.3;Relleno;Relleno no controlado con material común -  Postes y Anclajes Alimentación eléctrica Dren Muro Sur;m3;0;;Relleno;0;;17-10-2024;17-10-2024;1;;0;0;0;0;0;0;0;0;0;0;0;0;0;0;0;0;0;0;0;0;0;0;0;0;0;0;0;0
10.2;EBMP;10.2.1;Movimiento de Tierras- Alimentación eléctrica Dren Muro Sur;10.2.1;Movimiento de Tierras- Alimentación eléctrica Dren Muro Sur;10.2.1.1.4;VERDADERO;10.2.1.1.4;Relleno;Relleno con material seleccionado -  Postes y Anclajes Alimentación eléctrica Dren Muro Sur;m3;0;;Relleno;0;;17-10-2024;17-10-2024;1;;0;0;0;0;0;0;0;0;0;0;0;0;0;0;0;0;0;0;0;0;0;0;0;0;0;0;0;0
10.2;EBMP;10.2.1;Movimiento de Tierras- Alimentación eléctrica Dren Muro Sur;10.2.1;Movimiento de Tierras- Alimentación eléctrica Dren Muro Sur;10.2.1.1.5;VERDADERO;10.2.1.1.5;Excavación;Excavación en roca ripable - en zanja Alimentacion electrica Dren Muro Sur ;m3;0;;Excavación;;;;;;;0;0;0;0;0;0;0;0;0;0;0;0;0;0;0;0;0;0;0;0;0;0;0;0;0;0;0;0
10.2;EBMP;10.2.1;Movimiento de Tierras- Alimentación eléctrica Dren Muro Sur;10.2.1;Movimiento de Tierras- Alimentación eléctrica Dren Muro Sur;10.2.1.2.1;VERDADERO;10.2.1.2.1;Perforación;Perforación en material común  con barreno  (diámetros > 050 m) - OPCIONAL;m3;0;;Excavación;;;;;;;0;0;0;0;0;0;0;0;0;0;0;0;0;0;0;0;0;0;0;0;0;0;0;0;0;0;0;0
10.2;EBMP;10.2.1;Movimiento de Tierras- Alimentación eléctrica Dren Muro Sur;10.2.1;Movimiento de Tierras- Alimentación eléctrica Dren Muro Sur;10.2.1.2.2;VERDADERO;10.2.1.2.2;Perforación;Perforación en roca  con barreno  (diámetros > 050 m) - OPCIONAL;m3;0;;Excavación;;;;;;;0;0;0;0;0;0;0;0;0;0;0;0;0;0;0;0;0;0;0;0;0;0;0;0;0;0;0;0
10.2;MSO1;10.2.4;Movimiento de Tierras- Alimentación eléctrica Dren Muro Sur Oriente 1;10.2.4;Movimiento de Tierras- Alimentación eléctrica Dren Muro Sur Oriente 1;10.2.4.1.1;VERDADERO;10.2.4.1.1;Excavación;Excavación en material común  - en zanja  Alimentación eléctrica Dren Muro Sur Oriente 1;m3;120;;Excavación;;;;;;;0;0;0;0;0;0;0;0;0;0;0;0;0;0;0;0;0;0;0;0;0;0;0;0;0;0;0;0
10.2;MSO1;10.2.4;Movimiento de Tierras- Alimentación eléctrica Dren Muro Sur Oriente 1;10.2.4;Movimiento de Tierras- Alimentación eléctrica Dren Muro Sur Oriente 1;10.2.4.1.2;VERDADERO;10.2.4.1.2;Excavación;Excavacion en roca con medios mecánicos - Postes y Anclajes  Alimentación eléctrica Dren Muro Sur Oriente 1;m3;25;;Excavación;;;;;;;0;0;0;0;0;0;0;0;0;0;0;0;0;0;0;0;0;0;0;0;0;0;0;0;0;0;0;0
10.2;MSO1;10.2.4;Movimiento de Tierras- Alimentación eléctrica Dren Muro Sur Oriente 1;10.2.4;Movimiento de Tierras- Alimentación eléctrica Dren Muro Sur Oriente 1;10.2.4.1.3;VERDADERO;10.2.4.1.3;Relleno;Relleno no controlado con material común -  Postes y Anclajes Alimentación eléctrica Dren Muro Sur;m3;150;;Relleno;150;;07-08-2025;09-08-2025;3;;0;0;0;0;0;0;0;0;0;0;0;0;0;0;0;0;150;0;0;0;0;0;0;0;0;0;0;0
10.2;MSO1;10.2.4;Movimiento de Tierras- Alimentación eléctrica Dren Muro Sur Oriente 1;10.2.4;Movimiento de Tierras- Alimentación eléctrica Dren Muro Sur Oriente 1;10.2.4.1.4;VERDADERO;10.2.4.1.4;Relleno;Relleno con material seleccionado -  Postes y Anclajes  Alimentación eléctrica Dren Muro Sur Oriente 1;m3;160;;Relleno;160;;09-08-2025;11-08-2025;3;;0;0;0;0;0;0;0;0;0;0;0;0;0;0;0;0;160;0;0;0;0;0;0;0;0;0;0;0
10.2;MSO1;10.2.4;Movimiento de Tierras- Alimentación eléctrica Dren Muro Sur Oriente 1;10.2.4;Movimiento de Tierras- Alimentación eléctrica Dren Muro Sur Oriente 1;10.2.4.1.5;VERDADERO;10.2.4.1.5;Excavación;Excavación en roca ripable - en zanja Alimentacion electrica Dren Muro Sur Oriente 1;m3;161;;Excavación;;;;;;;0;0;0;0;0;0;0;0;0;0;0;0;0;0;0;0;0;0;0;0;0;0;0;0;0;0;0;0
10.2;MSO1;10.2.4;Movimiento de Tierras- Alimentación eléctrica Dren Muro Sur Oriente 1;10.2.4;Movimiento de Tierras- Alimentación eléctrica Dren Muro Sur Oriente 1;10.2.4.2.1;VERDADERO;10.2.4.2.1;Excavación;Perforación en material común  con barreno  (diámetros > 050 m) - OPCIONAL;m3;0;;Excavación;;;;;;;0;0;0;0;0;0;0;0;0;0;0;0;0;0;0;0;0;0;0;0;0;0;0;0;0;0;0;0
10.2;MSO1;10.2.4;Movimiento de Tierras- Alimentación eléctrica Dren Muro Sur Oriente 1;10.2.4;Movimiento de Tierras- Alimentación eléctrica Dren Muro Sur Oriente 1;10.2.4.2.2;VERDADERO;10.2.4.2.2;Excavación;Perforación en roca  con barreno  (diámetros > 050 m) - OPCIONAL;m3;0;;Excavación;;;;;;;0;0;0;0;0;0;0;0;0;0;0;0;0;0;0;0;0;0;0;0;0;0;0;0;0;0;0;0
10.3;MS4;10.3.2;Movimiento de Tierra - BY PASS ALIMENTACIÓN A ESTACIÓN MÓVIL PRINCIPAL / MURO SUR;10.3.2;Movimiento de Tierra - BY PASS ALIMENTACIÓN A ESTACIÓN MÓVIL PRINCIPAL / MURO SUR;10.3.2.1.1;VERDADERO;10.3.2.1.1;Excavación;Excavación en material común  - en zanja Alimentación eléctrica  By Pass entre Línea 138 kV / Muro Sur;m3;60;;Excavación;;;;;;;0;0;0;0;0;0;0;0;0;0;0;0;0;0;0;0;0;0;0;0;0;0;0;0;0;0;0;0
10.3;MS4;10.3.2;Movimiento de Tierra - BY PASS ALIMENTACIÓN A ESTACIÓN MÓVIL PRINCIPAL / MURO SUR;10.3.2;Movimiento de Tierra - BY PASS ALIMENTACIÓN A ESTACIÓN MÓVIL PRINCIPAL / MURO SUR;10.3.2.1.2;VERDADERO;10.3.2.1.2;Excavación;Excavacion en roca con medios mecánicos - Postes y Anclajes  Alimentación eléctrica  By Pass entre Línea 138 kV / Muro Sur;m3;12;;Excavación;;;;;;;0;0;0;0;0;0;0;0;0;0;0;0;0;0;0;0;0;0;0;0;0;0;0;0;0;0;0;0
10.3;MS4;10.3.2;Movimiento de Tierra - BY PASS ALIMENTACIÓN A ESTACIÓN MÓVIL PRINCIPAL / MURO SUR;10.3.2;Movimiento de Tierra - BY PASS ALIMENTACIÓN A ESTACIÓN MÓVIL PRINCIPAL / MURO SUR;10.3.2.1.3;VERDADERO;10.3.2.1.3;Relleno;Relleno no controlado con material común -  Postes y Anclajes Alimentación eléctrica  By Pass entre Línea 138 kV / Muro Sur;m3;75;;Relleno;75;;15-05-2025;16-05-2025;2;;0;0;0;0;0;0;0;0;0;0;0;0;0;75;0;0;0;0;0;0;0;0;0;0;0;0;0;0
10.3;MS4;10.3.2;Movimiento de Tierra - BY PASS ALIMENTACIÓN A ESTACIÓN MÓVIL PRINCIPAL / MURO SUR;10.3.2;Movimiento de Tierra - BY PASS ALIMENTACIÓN A ESTACIÓN MÓVIL PRINCIPAL / MURO SUR;10.3.2.1.4;VERDADERO;10.3.2.1.4;Relleno;Relleno con material seleccionado -  Postes y Anclajes Alimentación eléctrica  By Pass entre Línea 138 kV / Muro Sur;m3;80;;Relleno;80;;16-05-2025;17-05-2025;2;;0;0;0;0;0;0;0;0;0;0;0;0;0;80;0;0;0;0;0;0;0;0;0;0;0;0;0;0
10.3;MS4;10.3.2;Movimiento de Tierra - BY PASS ALIMENTACIÓN A ESTACIÓN MÓVIL PRINCIPAL / MURO SUR;10.3.2;Movimiento de Tierra - BY PASS ALIMENTACIÓN A ESTACIÓN MÓVIL PRINCIPAL / MURO SUR;10.3.2.1.5;VERDADERO;10.3.2.1.5;Excavación;Excavación en roca ripable - en zanja Alimentacion electrica By Pass entre Linea 138 Kv/ Muro Sur;m3;78;;Excavación;;;;;;;0;0;0;0;0;0;0;0;0;0;0;0;0;0;0;0;0;0;0;0;0;0;0;0;0;0;0;0
11.1;MS4;11.1.1;Movimiento de tierras - línea de aducción;11.1.1;Movimiento de tierras - línea de aducción;11.1.1.1.1;VERDADERO;11.1.1.1.1;Excavación;Excavación en material común -  interferencia Tubería Aducción sección 2;m3;1555;;Excavación;;;;;;;0;0;0;0;0;0;0;0;0;0;0;0;0;0;0;0;0;0;0;0;0;0;0;0;0;0;0;0
11.1;MS4;11.1.1;Movimiento de tierras - línea de aducción;11.1.1;Movimiento de tierras - línea de aducción;11.1.1.1.2;VERDADERO;11.1.1.1.2;Excavación;Excavación en material común -  Tubería Aducción hacia EBMP sección 1;m3;588;;Excavación;;;;;;;0;0;0;0;0;0;0;0;0;0;0;0;0;0;0;0;0;0;0;0;0;0;0;0;0;0;0;0
11.1;MS4;11.1.1;Movimiento de tierras - línea de aducción;11.1.1;Movimiento de tierras - línea de aducción;11.1.1.1.3;VERDADERO;11.1.1.1.3;Relleno;Relleno masivo lastre - Modificación por interferencia Tubería Aducción;m3;3294;;Relleno;3294;;26-02-2025;28-02-2025;3;;0;0;0;0;0;0;0;0;0;0;3294;0;0;0;0;0;0;0;0;0;0;0;0;0;0;0;0;0
11.1;MS4;11.1.1;Movimiento de tierras - línea de aducción;11.1.1;Movimiento de tierras - línea de aducción;11.1.1.1.4;VERDADERO;11.1.1.1.4;Relleno;Relleno cobertura - Extensión Tubería Aducción hacia EBMP;m3;588;;Relleno;588;;03-05-2025;05-05-2025;3;;0;0;0;0;0;0;0;0;0;0;0;0;0;588;0;0;0;0;0;0;0;0;0;0;0;0;0;0
3.1;MN1;3.1.1;Movimiento de Tierra - Piezómetros MN;3.1.1.2;Rellenos - Extensión de piezómetros MN;3.1.1.2.1;VERDADERO;3.1.1.2.1;Pretil;Pretil de seguridad - piezómetros Casagrande MN;m3;30;;Relleno;30;;18-03-2025;20-03-2025;3;;0;0;0;0;0;0;0;0;0;0;0;30;0;0;0;0;0;0;0;0;0;0;0;0;0;0;0;0
3.1;MN1;3.1.4;Perforaciones Piezómetros MN;3.1.4.2;Rellenos - Extensión de piezómetros MN;3.1.4.2.1;VERDADERO;3.1.4.2.1;Pretil;Pretil de seguridad - piezómetros cuerda vibrante MN;m3;4;;Relleno;4;;18-03-2025;19-03-2025;2;;0;0;0;0;0;0;0;0;0;0;0;4;0;0;0;0;0;0;0;0;0;0;0;0;0;0;0;0
3.2;MN1;3.2.1;Movimiento de Tierra - Piezómetros MNO2;3.2.1.1;Rellenos - Extensión de piezómetros MNO2;3.2.1.1.1;VERDADERO;3.2.1.1.1;Pretil;Pretil de seguridad - piezómetros Casagrande MNO2;m3;8;;Relleno;8;;08-04-2025;09-04-2025;2;;0;0;0;0;0;0;0;0;0;0;0;0;8;0;0;0;0;0;0;0;0;0;0;0;0;0;0;0
3.3;MNO1;3.3.1;Movimiento de Tierra - Piezómetros MNO1;3.3.1.1;Rellenos - Extensión de piezómetros MNO1;3.3.1.1.1;VERDADERO;3.3.1.1.1;Pretil;Pretil de seguridad - piezómetros Casagrande MNO1;m3;2;;Relleno;2;;10-12-2024;10-12-2024;1;;0;0;0;0;0;0;0;0;2;0;0;0;0;0;0;0;0;0;0;0;0;0;0;0;0;0;0;0
3.4;MO;3.4.1;Movimiento de Tierra - Piezómetros MO;3.4.1.2;Rellenos - Extensión de piezómetros MO;3.4.1.2.1;VERDADERO;3.4.1.2.1;Pretil;Pretil de seguridad - Piezómetro Casagrande MO;m3;40;;Relleno;40;;06-06-2025;06-06-2025;1;;0;0;0;0;0;0;0;0;0;0;0;0;0;0;40;0;0;0;0;0;0;0;0;0;0;0;0;0
3.5;MS1;3.5.1;Piezómetro Casagrande MS;3.5.1.1;Rellenos - Extensión de piezómetros MS;3.5.1.1.1;VERDADERO;3.5.1.1.1;Pretil;Pretil de seguridad - Piezómetro Casagrande MS;m3;84;;Relleno;84;;13-11-2025;15-11-2025;3;;0;0;0;0;0;0;0;0;0;0;0;0;0;0;0;0;0;0;0;84;0;0;0;0;0;0;0;0
3.5;MS4;3.5.4;Perforaciones Piezómetros MS;3.5.4.2;Rellenos - Extensión de piezómetros MS;3.5.4.2.1;VERDADERO;3.5.4.2.1;Pretil;Pretil de seguridad - Piezómetro Casagrande MS;m3;6;;Relleno;6;;23-11-2025;24-11-2025;2;;0;0;0;0;0;0;0;0;0;0;0;0;0;0;0;0;0;0;0;6;0;0;0;0;0;0;0;0
4.1;Pretil 2 Norte Sur 6.1.2T1;4.1.1;Movimiento de Tierrras Masivo - IX Etapa;4.1.1.1;Rellenos Conformación de Pretil 6.1.2 - Tramo 1;4.1.1.1.1;VERDADERO;4.1.1.1.1;Zampeado;Zampeado - Pretil 6.1.2;m3;148351;;Relleno;148351;;29-09-2024;08-12-2024;71;;0;0;0;0;0;2649;65698;63579;16425;0;0;0;0;0;0;0;0;0;0;0;0;0;0;0;0;0;0;0
4.1;Pretil 2 Norte Sur 6.1.2T1;4.1.1;Movimiento de Tierrras Masivo - IX Etapa;4.1.1.1;Rellenos Conformación de Pretil 6.1.2 - Tramo 1;4.1.1.1.2;VERDADERO;4.1.1.1.2;Relleno;Relleno masivo de Lastre - Pretil 6.1.2;m3;456872;;Relleno;456872;;23-12-2024;03-03-2025;71;;0;0;0;0;0;0;0;0;53846;202329;182749;17949;0;0;0;0;0;0;0;0;0;0;0;0;0;0;0;0
4.1;Pretil 2 Norte Sur 6.1.2T1;4.1.1;Movimiento de Tierrras Masivo - IX Etapa;4.1.1.1;Rellenos Conformación de Pretil 6.1.2 - Tramo 1;4.1.1.1.2.A;VERDADERO;4.1.1.1.2;Relleno;Relleno masivo de Lastre - Pretil 6.1.2;m3;0;;Relleno;0;;03-03-2025;18-03-2025;16;;0;0;0;0;0;0;0;0;0;0;0;0;0;0;0;0;0;0;0;0;0;0;0;0;0;0;0;0
4.1;Pretil 2 Norte Sur 6.1.2T1;4.1.1;Movimiento de Tierrras Masivo - IX Etapa;4.1.1.1;Rellenos Conformación de Pretil 6.1.2 - Tramo 1;4.1.1.1.3;VERDADERO;4.1.1.1.3;Pretil;Pretil de seguridad - coronamiento Pretil 6.1.2 Tramo 1;m3;4622;;Relleno;4622;;18-03-2025;22-03-2025;5;;0;0;0;0;0;0;0;0;0;0;0;4622;0;0;0;0;0;0;0;0;0;0;0;0;0;0;0;0
4.1;Pretil 2 Norte Sur 6.1.2T2;4.1.1;Movimiento de Tierrras Masivo - IX Etapa;4.1.1.2;Rellenos Conformación de Pretil 6.1.2 - Tramo 2;4.1.1.2.1;VERDADERO;4.1.1.2.1;Zampeado;Zampeado - Pretil 6.1.2;m3;36701;;Relleno;36701;;08-12-2024;28-12-2024;21;;0;0;0;0;0;0;0;0;36701;0;0;0;0;0;0;0;0;0;0;0;0;0;0;0;0;0;0;0
4.1;Pretil 2 Norte Sur 6.1.2T2;4.1.1;Movimiento de Tierrras Masivo - IX Etapa;4.1.1.2;Rellenos Conformación de Pretil 6.1.2 - Tramo 2;4.1.1.2.2;VERDADERO;4.1.1.2.2;Relleno;Relleno masivo de Lastre - Pretil 6.1.2;m3;117635;;Relleno;117635;;06-02-2025;03-03-2025;26;;0;0;0;0;0;0;0;0;0;0;104695;12940;0;0;0;0;0;0;0;0;0;0;0;0;0;0;0;0
4.1;Pretil 2 Norte Sur 6.1.2T2;4.1.1;Movimiento de Tierrras Masivo - IX Etapa;4.1.1.2;Rellenos Conformación de Pretil 6.1.2 - Tramo 2;4.1.1.2.2.A;VERDADERO;4.1.1.2.2;Relleno;Relleno masivo de Lastre - Pretil 6.1.2;m3;0;;Relleno;0;;22-03-2025;26-04-2025;36;;0;0;0;0;0;0;0;0;0;0;0;0;0;0;0;0;0;0;0;0;0;0;0;0;0;0;0;0
4.1;Pretil 2 Norte Sur 6.1.2T2;4.1.1;Movimiento de Tierrras Masivo - IX Etapa;4.1.1.2;Rellenos Conformación de Pretil 6.1.2 - Tramo 2;4.1.1.2.3;VERDADERO;4.1.1.2.3;Pretil;Pretil de seguridad - coronamiento Pretil 6.1.2 Tramo 2;m3;958;;Relleno;958;;22-03-2025;01-04-2025;11;;0;0;0;0;0;0;0;0;0;0;0;886;72;0;0;0;0;0;0;0;0;0;0;0;0;0;0;0
4.2;PPT1;4.2.1;Movimiento de Tierrras Masivo - IX Etapa;4.2.1.1;Rellenos Conformación de Pretil Principal;4.2.1.1.1.T1;VERDADERO;4.2.1.1.1;Zampeado;Zampeado - Pretil Principal;m3;0;;Relleno;0;;17-01-2024;24-03-2024;68;;0;0;0;0;0;0;0;0;0;0;0;0;0;0;0;0;0;0;0;0;0;0;0;0;0;0;0;0
4.2;PPT3;4.2.1;Movimiento de Tierrras Masivo - IX Etapa;4.2.1.1;Rellenos Conformación de Pretil Principal;4.2.1.1.1.T3;VERDADERO;4.2.1.1.1;Zampeado;Zampeado - Pretil Principal;m3;0;;Relleno;0;;25-11-2023;15-03-2024;112;;0;0;0;0;0;0;0;0;0;0;0;0;0;0;0;0;0;0;0;0;0;0;0;0;0;0;0;0
4.2;PPT1;4.2.1;Movimiento de Tierrras Masivo - IX Etapa;4.2.1.1;Rellenos Conformación de Pretil Principal;4.2.1.1.2.T1;VERDADERO;4.2.1.1.2;Relleno;Relleno masivo de Lastre - Pretil Principal;m3;164966;;Relleno;164966;;15-02-2024;30-05-2024;106;;0;164966;0;0;0;0;0;0;0;0;0;0;0;0;0;0;0;0;0;0;0;0;0;0;0;0;0;0
4.2;PPT3;4.2.1;Movimiento de Tierrras Masivo - IX Etapa;4.2.1.1;Rellenos Conformación de Pretil Principal;4.2.1.1.2.T3;VERDADERO;4.2.1.1.2;Relleno;Relleno masivo de Lastre - Pretil Principal;m3;61592;;Relleno;61592;;06-12-2023;25-04-2024;142;;61592;0;0;0;0;0;0;0;0;0;0;0;0;0;0;0;0;0;0;0;0;0;0;0;0;0;0;0
4.2;PPT1;4.2.1;Movimiento de Tierrras Masivo - IX Etapa;4.2.1.1;Rellenos Conformación de Pretil Principal;4.2.1.1.3.T1;VERDADERO;4.2.1.1.3;Pretil;Pretil de seguridad - coronamiento Pretil Principal;m3;1000;;Relleno;1000;;31-05-2024;03-06-2024;4;;0;250;750;0;0;0;0;0;0;0;0;0;0;0;0;0;0;0;0;0;0;0;0;0;0;0;0;0
4.2;PPT3;4.2.1;Movimiento de Tierrras Masivo - IX Etapa;4.2.1.1;Rellenos Conformación de Pretil Principal;4.2.1.1.3.T3;VERDADERO;4.2.1.1.3;Pretil;Pretil de seguridad - coronamiento Pretil Principal;m3;585;;Relleno;585;;16-04-2024;18-04-2024;3;;585;0;0;0;0;0;0;0;0;0;0;0;0;0;0;0;0;0;0;0;0;0;0;0;0;0;0;0
4.2;PPT1;4.2.3;Movimiento de Tierras IX Etapa;4.2.3.1;Excavación  - Pretil principal;4.2.3.1.1.T1;VERDADERO;4.2.3.1.1;Escarpe;Escarpe en terreno natural -  MS;m3;0;;Excavación;;;;;;;0;0;0;0;0;0;0;0;0;0;0;0;0;0;0;0;0;0;0;0;0;0;0;0;0;0;0;0
4.4;Pretil-2A-2B;4.4.1;Movimiento de Tierrras Masivo - IX Etapa;4.4.1.1;Rellenos Conformación de Pretil 2A-2B;4.4.1.1.1;VERDADERO;4.4.1.1.1;Zampeado;Zampeado  - Pretil 2A-2B;m3;37677;;Relleno;37677;;01-04-2025;19-04-2025;19;;0;0;0;0;0;0;0;0;0;0;0;0;37677;0;0;0;0;0;0;0;0;0;0;0;0;0;0;0
4.4;Pretil-2A-2B;4.4.1;Movimiento de Tierrras Masivo - IX Etapa;4.4.1.1;Rellenos Conformación de Pretil 2A-2B;4.4.1.1.2;VERDADERO;4.4.1.1.2;Relleno;Relleno masivo de Lastre  - Pretil 2A-2B;m3;147643;;Relleno;147643;;24-05-2025;08-06-2025;16;;0;0;0;0;0;0;0;0;0;0;0;0;0;71361;76282;0;0;0;0;0;0;0;0;0;0;0;0;0
5.1;EBMN;5.1.2;Movimiento de Tierra - EBMN;5.1.2.1;Excavaciones Masiva - EBMN;5.1.2.1.1;VERDADERO;5.1.2.1.1;Excavación;Excavación material común - para Foso EBMN;m3;3516;;Excavación;;;;;;;0;0;0;0;0;0;0;0;0;0;0;0;0;0;0;0;0;0;0;0;0;0;0;0;0;0;0;0
5.2;EBMS;5.2.2;Movimiento de Tierra Masivos - EBMS;5.2.2.1.;Rellenos Masivos - Plataforma EBMS;5.1.2.1.2;VERDADERO;5.2.2.1.2;Relleno;Relleno masivo de Lastre - Plataformas EBMS;m3;39900;;Relleno;39900;;05-05-2025;09-05-2025;5;;0;0;0;0;0;0;0;0;0;0;0;0;0;39900;0;0;0;0;0;0;0;0;0;0;0;0;0;0
5.1;EBMN;5.1.2;Movimiento de Tierra - EBMN;5.1.2.2;Rellenos Masivos - Plataforma EBMN;5.1.2.2.1;VERDADERO;5.1.2.2.1;Zampeado;Zampeado - Plataforma EBMN;m3;1337;;Relleno;1337;;25-01-2024;02-04-2024;69;;1337;0;0;0;0;0;0;0;0;0;0;0;0;0;0;0;0;0;0;0;0;0;0;0;0;0;0;0
5.1;EBMN;5.1.2;Movimiento de Tierra - EBMN;5.1.2.2;Rellenos Masivos - Plataforma EBMN;5.1.2.2.2;VERDADERO;5.1.2.2.2;Relleno;Relleno masivo de Lastre - Plataformas EBMN;m3;0;;Relleno;0;;25-01-2024;26-04-2024;93;;0;0;0;0;0;0;0;0;0;0;0;0;0;0;0;0;0;0;0;0;0;0;0;0;0;0;0;0
5.1;EBMN;5.1.2;Movimiento de Tierra - EBMN;5.1.2.2;Rellenos Masivos - Plataforma EBMN;5.1.2.2.3;VERDADERO;5.1.2.2.3;Relleno;Pretiles de seguridad - Plataforma EBMN;m3;1250;;Relleno;1250;;27-04-2024;28-04-2024;2;;1250;0;0;0;0;0;0;0;0;0;0;0;0;0;0;0;0;0;0;0;0;0;0;0;0;0;0;0
5.1;EBMN;5.1.2;Movimiento de Tierra - EBMN;5.1.2.3;Rellenos Masivos - Pretil Contorno Laguna;5.1.2.3.1;VERDADERO;5.1.2.3.1;Zampeado;Zampeado - Pretil de contorno Laguna EBMN;m3;25923;;Relleno;25923;;13-12-2023;05-04-2024;115;;25923;0;0;0;0;0;0;0;0;0;0;0;0;0;0;0;0;0;0;0;0;0;0;0;0;0;0;0
5.1;EBMN;5.1.2;Movimiento de Tierra - EBMN;5.1.2.3;Rellenos Masivos - Pretil Contorno Laguna;5.1.2.3.2;VERDADERO;5.1.2.3.2;Relleno;Relleno masivo de Lastre -  Pretil contorno Laguna EBMN;m3;46255;;Relleno;46255;;25-12-2023;28-04-2024;126;;46255;0;0;0;0;0;0;0;0;0;0;0;0;0;0;0;0;0;0;0;0;0;0;0;0;0;0;0
5.1;EBMN;5.1.2;Movimiento de Tierra - EBMN;5.1.2.3;Rellenos Masivos - Pretil Contorno Laguna;5.1.2.3.3;VERDADERO;5.1.2.3.3;Pretil;Pretil de seguridad -  Pretil contorno Laguna EBMN;m3;1996;;Relleno;1996;;29-04-2024;29-04-2024;1;;1996;0;0;0;0;0;0;0;0;0;0;0;0;0;0;0;0;0;0;0;0;0;0;0;0;0;0;0
5.1;EBMN;5.1.2;Movimiento de Tierra - EBMN;5.1.2.3;Rellenos Masivos - Pretil Contorno Laguna;5.1.2.3.4;VERDADERO;5.1.2.3.4;Relleno;Relleno de material común - cobertura  Linea de agua desde EBMN hasta Piscina;m3;0;;Relleno;0;;30-04-2024;30-04-2024;1;;0;0;0;0;0;0;0;0;0;0;0;0;0;0;0;0;0;0;0;0;0;0;0;0;0;0;0;0
5.1;EBMN;5.1.2;Movimiento de Tierra - EBMN;5.1.2.4;Movimiento de Tierra Locales EBMN (desde Sala eléctrica a Estación de bombeo);5.1.2.4.1;VERDADERO;5.1.2.4.1;Excavación;Excavación en lastre - bancoductos / cámaras / fundación soportes  - EBMN;m3;17;;Excavación;;;;;;;0;0;0;0;0;0;0;0;0;0;0;0;0;0;0;0;0;0;0;0;0;0;0;0;0;0;0;0
5.1;EBMN;5.1.2;Movimiento de Tierra - EBMN;5.1.2.4;Movimiento de Tierra Locales EBMN (desde Sala eléctrica a Estación de bombeo);5.1.2.4.2;VERDADERO;5.1.2.4.2;Relleno;Relleno material común - bancoductos / cámaras / fundación soportes - EBMN;m3;7;;Relleno;7;;08-06-2024;09-06-2024;2;;0;0;7;0;0;0;0;0;0;0;0;0;0;0;0;0;0;0;0;0;0;0;0;0;0;0;0;0
5.2;EBMS;5.2.2;Movimiento de Tierra Masivos - EBMS;5.2.2.1.;Rellenos Masivos - Plataforma EBMS;5.2.2.1.1;VERDADERO;5.2.2.1.1;Zampeado;Zampeado - Plataforma EBMS;m3;19350;;Relleno;19350;;17-04-2025;22-04-2025;6;;0;0;0;0;0;0;0;0;0;0;0;0;19350;0;0;0;0;0;0;0;0;0;0;0;0;0;0;0
5.2;EBMS;5.2.2;Movimiento de Tierra Masivos - EBMS;5.2.2.1.;Rellenos Masivos - Plataforma EBMS;5.2.2.1.3;VERDADERO;5.2.2.1.3;Pretil;Pretil de seguridad -  coronamiento Plataforma EBMS;m3;870;;Relleno;870;;09-05-2025;10-05-2025;2;;0;0;0;0;0;0;0;0;0;0;0;0;0;870;0;0;0;0;0;0;0;0;0;0;0;0;0;0
5.2;EBMS;5.2.2;Movimiento de Tierra Masivos - EBMS;5.2.2.2.;Rellenos Masivos - Pretil Contorno Laguna EBMS;5.2.2.2.1;VERDADERO;5.2.2.2.1;Zampeado;Zampeado - Pretil de contorno Laguna EBMS;m3;32130;;Relleno;32130;;27-04-2025;10-05-2025;14;;0;0;0;0;0;0;0;0;0;0;0;0;8033;24098;0;0;0;0;0;0;0;0;0;0;0;0;0;0
5.2;EBMS;5.2.2;Movimiento de Tierra Masivos - EBMS;5.2.2.2.;Rellenos Masivos - Pretil Contorno Laguna EBMS;5.2.2.2.2;VERDADERO;5.2.2.2.2;Relleno;Relleno masivo de Lastre -  Pretil contorno Laguna EBMS;m3;36750;;Relleno;36750;;27-04-2025;10-05-2025;14;;0;0;0;0;0;0;0;0;0;0;0;0;9188;27563;0;0;0;0;0;0;0;0;0;0;0;0;0;0
5.2;EBMS;5.2.2;Movimiento de Tierra Masivos - EBMS;5.2.2.2.;Rellenos Masivos - Pretil Contorno Laguna EBMS;5.2.2.2.3;VERDADERO;5.2.2.2.3;Pretil;Pretil de seguridad -  Pretil contorno Laguna EBMS;m3;1840;;Relleno;1840;;10-05-2025;13-05-2025;4;;0;0;0;0;0;0;0;0;0;0;0;0;0;1840;0;0;0;0;0;0;0;0;0;0;0;0;0;0
5.3;EBMP;5.3.1;Movimiento de Tierra Masivos - IX Etapa;5.3.1.1;Excavación Masiva - Foso EBMP2;5.3.1.1.1;VERDADERO;5.3.1.1.1;Excavación;Excavación material común - Foso EBMP2;m3;8335;;Excavación;;;;;;;0;0;0;0;0;0;0;0;0;0;0;0;0;0;0;0;0;0;0;0;0;0;0;0;0;0;0;0
5.3;EBMP;5.3.1;Movimiento de Tierra Masivos - IX Etapa;5.3.1.1;Excavación Masiva - Foso EBMP2;5.3.1.1.2;VERDADERO;5.3.1.1.2;Excavación;Excavación material común - Plataforma EBMP2;m3;8952;;Excavación;;;;;;;0;0;0;0;0;0;0;0;0;0;0;0;0;0;0;0;0;0;0;0;0;0;0;0;0;0;0;0
5.3;EBMP;5.3.1;Movimiento de Tierra Masivos - IX Etapa;5.3.1.1;Excavación Masiva - Foso EBMP2;5.3.1.1.3;VERDADERO;5.3.1.1.3;Excavación;Excavación en Roca con medios mecánicos - Plataforma EBMP2;m3;2715;;Excavación;;;;;;;0;0;0;0;0;0;0;0;0;0;0;0;0;0;0;0;0;0;0;0;0;0;0;0;0;0;0;0
5.3;EBMP;5.3.1;Movimiento de Tierra Masivos - IX Etapa;5.3.1.1;Excavación Masiva - Foso EBMP2;5.3.1.1.4;VERDADERO;5.3.1.1.4;Excavación;Excavación en Roca ripable - Plataforma EMP2;m3;18173;;Excavación;;;;;;;0;0;0;0;0;0;0;0;0;0;0;0;0;0;0;0;0;0;0;0;0;0;0;0;0;0;0;0
5.3;EBMP;5.3.1;Movimiento de Tierra Masivos - IX Etapa;5.3.1.2;Rellenos Masivos - Plataforma EBMP2;5.3.1.2.1;VERDADERO;5.3.1.2.1;Relleno;Relleno masivo de Lastre - Plataforma EBMP2;m3;92350;;Relleno;92350;;14-07-2025;29-07-2025;16;;0;0;0;0;0;0;0;0;0;0;0;0;0;0;0;92350;0;0;0;0;0;0;0;0;0;0;0;0
5.3;EBMP;5.3.1;Movimiento de Tierra Masivos - IX Etapa;5.3.1.2;Rellenos Masivos - Plataforma EBMP2;5.3.1.2.2;VERDADERO;5.3.1.2.2;Pretil;Pretil de seguridad - coronamiento Plataforma EBMP2;m3;1300;;Relleno;1300;;19-09-2025;21-09-2025;3;;0;0;0;0;0;0;0;0;0;0;0;0;0;0;0;0;0;1300;0;0;0;0;0;0;0;0;0;0
5.4;Pretil SI;5.4.1;Movimiento de Tierra Masivos - IX Etapa;5.4.1.1;Excavación Masiva - Piscinas e interconexiones;5.4.1.1.1;VERDADERO;5.4.1.1.1;Excavación;Excavación material común - Piscinas e Interconex.;m3;0;;Excavación;;;;;;;0;0;0;0;0;0;0;0;0;0;0;0;0;0;0;0;0;0;0;0;0;0;0;0;0;0;0;0
5.4;Pretil SI;5.4.1;Movimiento de Tierra Masivos - IX Etapa;5.4.1.1;Excavación Masiva - Piscinas e interconexiones;5.4.1.1.2;VERDADERO;5.4.1.1.2;Excavación;Excavación en Roca con medios mecánicos - Piscinas e Interconex.;m3;18874;;Excavación;;;;;;;0;0;0;0;0;0;0;0;0;0;0;0;0;0;0;0;0;0;0;0;0;0;0;0;0;0;0;0
5.4;Pretil SI;5.4.1;Movimiento de Tierra Masivos - IX Etapa;5.4.1.1;Excavación Masiva - Piscinas e interconexiones;5.4.1.1.3;VERDADERO;5.4.1.1.3;Excavación;Excavación en Roca ripable - Piscinas e Interconex.;m3;106565;;Excavación;;;;;;;0;0;0;0;0;0;0;0;0;0;0;0;0;0;0;0;0;0;0;0;0;0;0;0;0;0;0;0
5.4;Pretil SI;5.4.1;Movimiento de Tierra Masivos - IX Etapa;5.4.1.2;Rellenos Masivos - Plataforma Piscinas e interconexiones;5.4.1.2.1;VERDADERO;5.4.1.2.1;Relleno;Relleno masivo de Lastre -  Plataforma de Operación y acceso (hasta la Línea de tierra);m3;260430;;Relleno;260430;;16-08-2024;12-01-2025;150;;0;0;0;0;27779;52086;53822;52086;53822;20834;0;0;0;0;0;0;0;0;0;0;0;0;0;0;0;0;0;0
5.4;Pretil SI;5.4.1;Movimiento de Tierra Masivos - IX Etapa;5.4.1.2;Rellenos Masivos - Plataforma Piscinas e interconexiones;5.4.1.2.2;VERDADERO;5.4.1.2.2;Pretil;Pretil de seguridad - Plataforma de Operación y acceso (hasta la Línea de tierra);m3;895;;Relleno;895;;13-01-2025;13-01-2025;1;;0;0;0;0;0;0;0;0;0;895;0;0;0;0;0;0;0;0;0;0;0;0;0;0;0;0;0;0
5.4;Pretil SI;5.4.1;Movimiento de Tierra Masivos - IX Etapa;5.4.1.2;Rellenos Masivos - Plataforma Piscinas e interconexiones;5.4.1.2.3;VERDADERO;5.4.1.2.3;Relleno;Relleno masivo de Lastre - Plataforma Piscinas Sedimentación (hasta la línea de tierra);m3;0;;Relleno;0;;14-01-2025;14-01-2025;1;;0;0;0;0;0;0;0;0;0;0;0;0;0;0;0;0;0;0;0;0;0;0;0;0;0;0;0;0
6.1;MNO2;6.1.1;Desarme de  instalaciones existentes - Línea Muro;6.1.11.1;Excavaciones Masivos - Línea de muro Tramo 3  (incluye descargas por el Muro NO2 y NO1);6.1.11.1.1;VERDADERO;6.1.11.1.1;Excavación;Excavación material común en Plataforma entre Muro NO1 y NO2 - LM Tramo 3;m3;11742;;Excavación;;;;;;;0;0;0;0;0;0;0;0;0;0;0;0;0;0;0;0;0;0;0;0;0;0;0;0;0;0;0;0
6.1;MNO2;6.1.1;Desarme de  instalaciones existentes - Línea Muro;6.1.11.2;Rellenos Masivos -  Línea de muro Tramo 3;6.1.11.2.1;VERDADERO;6.1.11.2.1;Relleno;Relleno masivo de Lastre -  Plataforma entre NO1 y NO2 - LM Tramo 3;m3;74277;;Relleno;74277;;20-12-2024;24-01-2025;36;;0;0;0;0;0;0;0;0;23875;50402;0;0;0;0;0;0;0;0;0;0;0;0;0;0;0;0;0;0
6.1;MNO2;6.1.1;Desarme de  instalaciones existentes - Línea Muro;6.1.11.2;Rellenos Masivos -  Línea de muro Tramo 3;6.1.11.2.2;VERDADERO;6.1.11.2.2;Relleno;Relleno masivo de Lastre -  Plataforma de descargas Muro Noroeste 2 y Noroeste 1 - LM Tramo 3;m3;6708;;Relleno;6708;;03-02-2025;11-02-2025;9;;0;0;0;0;0;0;0;0;0;0;6708;0;0;0;0;0;0;0;0;0;0;0;0;0;0;0;0;0
6.1;MNO2;6.1.1;Desarme de  instalaciones existentes - Línea Muro;6.1.11.2;Rellenos Masivos -  Línea de muro Tramo 3;6.1.11.2.3;VERDADERO;6.1.11.2.3;Relleno;Relleno no controlado - Pretil de seguridad - Plataforma entre NO1 y NO2 -  LM Tramo 3;m3;200;;Relleno;200;;11-02-2025;16-02-2025;6;;0;0;0;0;0;0;0;0;0;0;200;0;0;0;0;0;0;0;0;0;0;0;0;0;0;0;0;0
6.1;MNO2;6.1.1;Desarme de  instalaciones existentes - Línea Muro;6.1.11.2;Rellenos Masivos -  Línea de muro Tramo 3;6.1.11.2.4;VERDADERO;6.1.11.2.4;Relleno;Relleno de material común - cobertura  LM Tramo 3;m3;2274;;Relleno;2274;;13-12-2025;27-12-2025;15;;0;0;0;0;0;0;0;0;0;0;0;0;0;0;0;0;0;0;0;0;2274;0;0;0;0;0;0;0
6.1;MO;6.1.1;Desarme de  instalaciones existentes - Línea Muro;6.1.15.1;Rellenos Masivos - Línea de Muro Tramo 4;6.1.15.1.1;VERDADERO;6.1.15.1.1;Relleno;Relleno masivo de Lastre -  Plataforma de descargas Muro Oeste - LM Tramo 4;m3;9209;;Relleno;9209;;16-02-2025;20-02-2025;5;;0;0;0;0;0;0;0;0;0;0;9209;0;0;0;0;0;0;0;0;0;0;0;0;0;0;0;0;0
6.1;MO;6.1.1;Desarme de  instalaciones existentes - Línea Muro;6.1.15.1;Rellenos Masivos - Línea de Muro Tramo 4;6.1.15.1.2;VERDADERO;6.1.15.1.2;Relleno;Relleno de material común - cobertura  LM Tramo 4;m3;6613;;Relleno;6613;;27-12-2025;11-01-2026;16;;0;0;0;0;0;0;0;0;0;0;0;0;0;0;0;0;0;0;0;0;1874;4739;0;0;0;0;0;0
6.1;MS2;6.1.1;Desarme de  instalaciones existentes - Línea Muro;6.1.18.1;Rellenos Masivos - Línea muro Tramo 5;6.1.18.1.1;VERDADERO;6.1.18.1.1;Relleno;Relleno masivo de Lastre -  Plataforma de descargas Muro Sur  - LM Tramo 5;m3;4505;;Relleno;4505;;01-08-2025;03-08-2025;3;;0;0;0;0;0;0;0;0;0;0;0;0;0;0;0;0;4505;0;0;0;0;0;0;0;0;0;0;0
6.1;MS2;6.1.1;Desarme de  instalaciones existentes - Línea Muro;6.1.18.1;Rellenos Masivos - Línea muro Tramo 5;6.1.18.1.2;VERDADERO;6.1.18.1.2;Relleno;Relleno de material común - cobertura  LM Tramo 5;m3;5985;;Relleno;5985;;11-01-2026;16-01-2026;6;;0;0;0;0;0;0;0;0;0;0;0;0;0;0;0;0;0;0;0;0;0;5985;0;0;0;0;0;0
6.1;MN1;6.1.2;Movimiento de Tierras Masivo -  Línea muro Tramo 1;6.1.2.1;Excavaciones Masivos - Línea muro Tramo 1 ;6.1.2.1.1;VERDADERO;6.1.2.1.1;Escarpe;Escarpe en terreno natural -  Plataforma LM Tramo 1 ;m3;21544;;Excavación;;;;;;;0;0;0;0;0;0;0;0;0;0;0;0;0;0;0;0;0;0;0;0;0;0;0;0;0;0;0;0
6.1;MN1;6.1.2;Movimiento de Tierras Masivo -  Línea muro Tramo 1;6.1.2.1;Excavaciones Masivos - Línea muro Tramo 1 ;6.1.2.1.2;VERDADERO;6.1.2.1.2;Excavación;Excavación material común  - Plataforma  LM  Tramo 1 ;m3;5158;;Excavación;;;;;;;0;0;0;0;0;0;0;0;0;0;0;0;0;0;0;0;0;0;0;0;0;0;0;0;0;0;0;0
6.1;MN1;6.1.2;Movimiento de Tierras Masivo -  Línea muro Tramo 1;6.1.2.2;Rellenos Masivos - Línea Muro Tramo 1 ;6.1.2.2.1;VERDADERO;6.1.2.2.1;Relleno;Relleno masivo de Lastre -  Plataforma  LM Tramo 1 ;m3;3078;;Relleno;3078;;02-11-2024;04-11-2024;3;;0;0;0;0;0;0;0;3078;0;0;0;0;0;0;0;0;0;0;0;0;0;0;0;0;0;0;0;0
6.1;MN1;6.1.2;Movimiento de Tierras Masivo -  Línea muro Tramo 1;6.1.2.2;Rellenos Masivos - Línea Muro Tramo 1 ;6.1.2.2.2;VERDADERO;6.1.2.2.2;Relleno;Relleno de material común - cobertura  LM Tramo 1 ;m3;4339;;Relleno;4339;;29-01-2025;02-02-2025;5;;0;0;0;0;0;0;0;0;0;2712;1627;0;0;0;0;0;0;0;0;0;0;0;0;0;0;0;0;0
6.1;MN1;6.1.2;Movimiento de Tierras Masivo -  Línea muro Tramo 1;6.1.2.2;Rellenos Masivos - Línea Muro Tramo 1 ;6.1.2.2.3;VERDADERO;6.1.2.2.3;Relleno;Relleno no controlado - Pretil de seguridad - LM Tramo 1 ;m3;432;;Relleno;432;;24-12-2024;25-12-2024;2;;0;0;0;0;0;0;0;0;432;0;0;0;0;0;0;0;0;0;0;0;0;0;0;0;0;0;0;0
6.1;MS4;6.1.2;Movimiento de Tierras Masivo -  Línea muro Tramo 1;6.1.21.1;Rellenos Masivos - Descargas por el Muro Sur - Línea Muro Tramo 6;6.1.21.1.1;VERDADERO;6.1.21.1.1;Relleno;Relleno masivo de Lastre -  Plataforma de descarga Muro Sur - LM Tramo 6;m3;5984;;Relleno;5984;;03-08-2025;06-08-2025;4;;0;0;0;0;0;0;0;0;0;0;0;0;0;0;0;0;5984;0;0;0;0;0;0;0;0;0;0;0
6.1;MS4;6.1.2;Movimiento de Tierras Masivo -  Línea muro Tramo 1;6.1.21.1;Rellenos Masivos - Descargas por el Muro Sur - Línea Muro Tramo 6;6.1.21.1.2;VERDADERO;6.1.21.1.2;Relleno;Relleno de material común - cobertura  LM Tramo 6;m3;2205;;Relleno;2205;;16-01-2026;18-01-2026;3;;0;0;0;0;0;0;0;0;0;0;0;0;0;0;0;0;0;0;0;0;0;2205;0;0;0;0;0;0
6.1;MN2;6.1.7;Movimiento de Tierras Masivo -  Línea de muro Tramo 2;6.1.7.1;Excavaciones Masivos - Línea de muro Tramo 2;6.1.7.1.1;VERDADERO;6.1.7.1.1;Escarpe;Escarpe en terreno natural - Plataforma de descarga emergencia - LM Tramo 2;m3;31;;Excavación;;;;;;;0;0;0;0;0;0;0;0;0;0;0;0;0;0;0;0;0;0;0;0;0;0;0;0;0;0;0;0
6.1;MN2;6.1.7;Movimiento de Tierras Masivo -  Línea de muro Tramo 2;6.1.7.1;Excavaciones Masivos - Línea de muro Tramo 2;6.1.7.1.2;VERDADERO;6.1.7.1.2;Excavación;Excavación material común -Plataforma entre Muro Norte y NO2 - LM Tramo 2;m3;1206;;Excavación;;;;;;;0;0;0;0;0;0;0;0;0;0;0;0;0;0;0;0;0;0;0;0;0;0;0;0;0;0;0;0
6.1;MN2;6.1.7;Movimiento de Tierras Masivo -  Línea de muro Tramo 2;6.1.7.2;Rellenos Masivos - Línea de muro Tramo 2;6.1.7.2.1;VERDADERO;6.1.7.2.1;Relleno;Relleno masivo de Lastre -  Plataforma de descargas Muro Norte - LM Tramo 2;m3;9391;;Relleno;9391;;24-12-2024;28-12-2024;5;;0;0;0;0;0;0;0;0;9391;0;0;0;0;0;0;0;0;0;0;0;0;0;0;0;0;0;0;0
6.1;MN2;6.1.7;Movimiento de Tierras Masivo -  Línea de muro Tramo 2;6.1.7.2;Rellenos Masivos - Línea de muro Tramo 2;6.1.7.2.2;VERDADERO;6.1.7.2.2;Relleno;Relleno masivo de Lastre -  Plataforma entre Muro Norte y NO2  - LM Tramo 2;m3;48849;;Relleno;48849;;06-02-2025;18-03-2025;41;;0;0;0;0;0;0;0;0;0;0;27478;21371;0;0;0;0;0;0;0;0;0;0;0;0;0;0;0;0
6.1;MN2;6.1.7;Movimiento de Tierras Masivo -  Línea de muro Tramo 2;6.1.7.2;Rellenos Masivos - Línea de muro Tramo 2;6.1.7.2.3;VERDADERO;6.1.7.2.3;Relleno;Relleno de material común - cobertura  LM Tramo 2;m3;4728;;Relleno;4728;;09-05-2025;13-05-2025;5;;0;0;0;0;0;0;0;0;0;0;0;0;0;4728;0;0;0;0;0;0;0;0;0;0;0;0;0;0
7.1;MN1;7.1.1;Movimiento de Tierra Masivos -Drenes IX etapa . Muro Norte;7.1.1.1;Excavación Zanja  - Dren muro Norte;7.1.1.1.1;VERDADERO;7.1.1.1.1;Excavación;Excavación en material comun - en zanja - Dren MN;m3;9447;;Excavación;;;;;;;0;0;0;0;0;0;0;0;0;0;0;0;0;0;0;0;0;0;0;0;0;0;0;0;0;0;0;0
7.1;MN1;7.1.1;Movimiento de Tierra Masivos -Drenes IX etapa . Muro Norte;7.1.1.1;Excavación Zanja  - Dren muro Norte;7.1.1.1.2;VERDADERO;7.1.1.1.2;Excavación;Excavación en roca con medios mecánicos - en zanja -Dren MN;m3;0;;Excavación;;;;;;;0;0;0;0;0;0;0;0;0;0;0;0;0;0;0;0;0;0;0;0;0;0;0;0;0;0;0;0
7.1;MN1;7.1.1;Movimiento de Tierra Masivos -Drenes IX etapa . Muro Norte;7.1.1.1;Excavación Zanja  - Dren muro Norte;7.1.1.1.3;VERDADERO;7.1.1.1.3;Excavación;Excavación en Roca ripable - en zanja -Dren MN;m3;7450;;Excavación;;;;;;;0;0;0;0;0;0;0;0;0;0;0;0;0;0;0;0;0;0;0;0;0;0;0;0;0;0;0;0
7.1;MN1;7.1.1;Movimiento de Tierra Masivos -Drenes IX etapa . Muro Norte;7.1.1.2;Rellenos Zanjas  - Dren muro Norte;7.1.1.2.1;VERDADERO;7.1.1.2.1;Arena;Cama de arena e=10 cm - Dren MN;m3;101;;Relleno;101;;19-04-2024;29-04-2024;11;;101;0;0;0;0;0;0;0;0;0;0;0;0;0;0;0;0;0;0;0;0;0;0;0;0;0;0;0
7.1;MN1;7.1.1;Movimiento de Tierra Masivos -Drenes IX etapa . Muro Norte;7.1.1.2;Rellenos Zanjas  - Dren muro Norte;7.1.1.2.2;VERDADERO;7.1.1.2.2;Relleno;Relleno Seleccionado para Dren MN;m3;4502;;Relleno;4502;;20-06-2024;10-07-2024;21;;0;0;2328;2174;0;0;0;0;0;0;0;0;0;0;0;0;0;0;0;0;0;0;0;0;0;0;0;0
7.1;MN1;7.1.1;Movimiento de Tierra Masivos -Drenes IX etapa . Muro Norte;7.1.1.2;Rellenos Zanjas  - Dren muro Norte;7.1.1.2.3;VERDADERO;7.1.1.2.3;Relleno;Relleno material común - no controlado (proveniente de excavación) - Dren MN;m3;4243;;Relleno;4243;;10-07-2024;16-07-2024;7;;0;0;0;4243;0;0;0;0;0;0;0;0;0;0;0;0;0;0;0;0;0;0;0;0;0;0;0;0
7.2;MNO2;7.2.1;Movimiento de Tierra Masivos  - Dren muro Noroeste 2;7.2.1.1;Excavación Zanja  - Dren muro Noroeste 2;7.2.1.1.1;VERDADERO;7.2.1.1.1;Excavación;Excavación en material común - en zanja en Dren MNO2;m3;13256;;Excavación;;;;;;;0;0;0;0;0;0;0;0;0;0;0;0;0;0;0;0;0;0;0;0;0;0;0;0;0;0;0;0
7.2;MNO2;7.2.1;Movimiento de Tierra Masivos  - Dren muro Noroeste 2;7.2.1.1;Excavación Zanja  - Dren muro Noroeste 2;7.2.1.1.2;VERDADERO;7.2.1.1.2;Excavación;Excavación en roca con medios mecánicos - en zanja en Dren MNO2;m3;1723;;Excavación;;;;;;;0;0;0;0;0;0;0;0;0;0;0;0;0;0;0;0;0;0;0;0;0;0;0;0;0;0;0;0
7.2;MNO2;7.2.1;Movimiento de Tierra Masivos  - Dren muro Noroeste 2;7.2.1.1;Excavación Zanja  - Dren muro Noroeste 2;7.2.1.1.3;VERDADERO;7.2.1.1.3;Excavación;Excavación en Roca ripable - en zanja en Dren MNO2;m3;11533;;Excavación;;;;;;;0;0;0;0;0;0;0;0;0;0;0;0;0;0;0;0;0;0;0;0;0;0;0;0;0;0;0;0
7.2;MNO2;7.2.1;Movimiento de Tierra Masivos  - Dren muro Noroeste 2;7.2.1.2;Rellenos Zanjas dren Muro Noroeste 2;7.2.1.2.1;VERDADERO;7.2.1.2.1;Arena;Cama de arena e=10 cm - Dren MNO2;m3;1744;;Relleno;1744;;20-07-2024;22-07-2024;3;;0;0;0;1744;0;0;0;0;0;0;0;0;0;0;0;0;0;0;0;0;0;0;0;0;0;0;0;0
7.2;MNO2;7.2.1;Movimiento de Tierra Masivos  - Dren muro Noroeste 2;7.2.1.2;Rellenos Zanjas dren Muro Noroeste 2;7.2.1.2.2;VERDADERO;7.2.1.2.2;Relleno;Relleno Seleccionado para Dren MNO2;m3;17611;;Relleno;17611;;28-09-2024;13-10-2024;16;;0;0;0;0;0;2642;14969;0;0;0;0;0;0;0;0;0;0;0;0;0;0;0;0;0;0;0;0;0
7.2;MNO2;7.2.1;Movimiento de Tierra Masivos  - Dren muro Noroeste 2;7.2.1.2;Rellenos Zanjas dren Muro Noroeste 2;7.2.1.2.3;VERDADERO;7.2.1.2.3;Relleno;Relleno material común - no controlado  (proveniente de excavación) Dren MNO2;m3;14205;;Relleno;14205;;13-10-2024;23-10-2024;11;;0;0;0;0;0;0;14205;0;0;0;0;0;0;0;0;0;0;0;0;0;0;0;0;0;0;0;0;0
7.3;MNO1;7.3.1;Movimiento de Tierra Masivos -Drenes IX etapa Muro Noroeste 1;7.3.1.1;Excavación Zanja  - Dren muro Noroeste 1;7.3.1.1.1;VERDADERO;7.3.1.1.1;Excavación;Excavación en material común - en zanja en Dren MNO1;m3;617;;Excavación;;;;;;;0;0;0;0;0;0;0;0;0;0;0;0;0;0;0;0;0;0;0;0;0;0;0;0;0;0;0;0
7.3;MNO1;7.3.1;Movimiento de Tierra Masivos -Drenes IX etapa Muro Noroeste 1;7.3.1.1;Excavación Zanja  - Dren muro Noroeste 1;7.3.1.1.2;VERDADERO;7.3.1.1.2;Excavación;Excavación en roca con medios mecánicos - en zanja en Dren MNO1;m3;80;;Excavación;;;;;;;0;0;0;0;0;0;0;0;0;0;0;0;0;0;0;0;0;0;0;0;0;0;0;0;0;0;0;0
7.3;MNO1;7.3.1;Movimiento de Tierra Masivos -Drenes IX etapa Muro Noroeste 1;7.3.1.1;Excavación Zanja  - Dren muro Noroeste 1;7.3.1.1.3;VERDADERO;7.3.1.1.3;Excavación;Excavación en Roca ripable - en zanja en Dren MNO1;m3;537;;Excavación;;;;;;;0;0;0;0;0;0;0;0;0;0;0;0;0;0;0;0;0;0;0;0;0;0;0;0;0;0;0;0
7.3;MNO1;7.3.1;Movimiento de Tierra Masivos -Drenes IX etapa Muro Noroeste 1;7.3.1.2;Rellenos Zanjas dren Muro Noroeste 1;7.3.1.2.1;VERDADERO;7.3.1.2.1;Arena;Cama de arena e=10cm - Dren MNO1;m3;22;;Relleno;22;;25-07-2024;26-07-2024;2;;0;0;0;22;0;0;0;0;0;0;0;0;0;0;0;0;0;0;0;0;0;0;0;0;0;0;0;0
7.3;MNO1;7.3.1;Movimiento de Tierra Masivos -Drenes IX etapa Muro Noroeste 1;7.3.1.2;Rellenos Zanjas dren Muro Noroeste 1;7.3.1.2.2;VERDADERO;7.3.1.2.2;Relleno;Relleno Seleccionado para Dren MNO1;m3;315;;Relleno;315;;19-08-2024;23-08-2024;5;;0;0;0;0;315;0;0;0;0;0;0;0;0;0;0;0;0;0;0;0;0;0;0;0;0;0;0;0
7.3;MNO1;7.3.1;Movimiento de Tierra Masivos -Drenes IX etapa Muro Noroeste 1;7.3.1.2;Rellenos Zanjas dren Muro Noroeste 1;7.3.1.2.3;VERDADERO;7.3.1.2.3;Relleno;Relleno material común - no controlado  (proveniente de excavación) Dren MNO1;m3;538;;Relleno;538;;23-08-2024;25-08-2024;3;;0;0;0;0;538;0;0;0;0;0;0;0;0;0;0;0;0;0;0;0;0;0;0;0;0;0;0;0
7.4;MO;7.4.1;Movimiento de Tierra Masivos -Drenes IX etapa;7.4.1.1;Excavación Zanja  - Dren muro Oeste;7.4.1.1.1;VERDADERO;7.4.1.1.1;Excavación;Excavación en material común - en zanja en Dren MO;m3;11135;;Excavación;;;;;;;0;0;0;0;0;0;0;0;0;0;0;0;0;0;0;0;0;0;0;0;0;0;0;0;0;0;0;0
7.4;MO;7.4.1;Movimiento de Tierra Masivos -Drenes IX etapa;7.4.1.1;Excavación Zanja  - Dren muro Oeste;7.4.1.1.2;VERDADERO;7.4.1.1.2;Excavación;Excavación en roca con medios mecánicos - en zanja en Dren MO;m3;1170;;Excavación;;;;;;;0;0;0;0;0;0;0;0;0;0;0;0;0;0;0;0;0;0;0;0;0;0;0;0;0;0;0;0
7.4;MO;7.4.1;Movimiento de Tierra Masivos -Drenes IX etapa;7.4.1.1;Excavación Zanja  - Dren muro Oeste;7.4.1.1.3;VERDADERO;7.4.1.1.3;Excavación;Excavación en roca ripable - en zanja en Dren MO;m3;7867;;Excavación;;;;;;;0;0;0;0;0;0;0;0;0;0;0;0;0;0;0;0;0;0;0;0;0;0;0;0;0;0;0;0
7.4;MO;7.4.1;Movimiento de Tierra Masivos -Drenes IX etapa;7.4.1.2;Rellenos Zanjas dren Muro Oeste;7.4.1.2.1;VERDADERO;7.4.1.2.1;Arena;Cama de arena e=10cm - Dren MO;m3;586;;Relleno;586;;15-06-2024;16-06-2024;2;;0;0;586;0;0;0;0;0;0;0;0;0;0;0;0;0;0;0;0;0;0;0;0;0;0;0;0;0
7.4;MO;7.4.1;Movimiento de Tierra Masivos -Drenes IX etapa;7.4.1.2;Rellenos Zanjas dren Muro Oeste;7.4.1.2.2;VERDADERO;7.4.1.2.2;Relleno;Relleno Seleccionado para Dren MO;m3;10780;;Relleno;10780;;01-08-2024;05-08-2024;5;;0;0;0;0;10780;0;0;0;0;0;0;0;0;0;0;0;0;0;0;0;0;0;0;0;0;0;0;0
7.4;MO;7.4.1;Movimiento de Tierra Masivos -Drenes IX etapa;7.4.1.2;Rellenos Zanjas dren Muro Oeste;7.4.1.2.3;VERDADERO;7.4.1.2.3;Relleno;Relleno material común - no controlado  (proveniente de excavación) Dren MO;m3;5851;;Relleno;5851;;05-08-2024;06-08-2024;2;;0;0;0;0;5851;0;0;0;0;0;0;0;0;0;0;0;0;0;0;0;0;0;0;0;0;0;0;0
7.5;MS2;7.5.1;Movimiento de Tierra Masivos -Drenes IX etapa;7.5.1.1;Excavación Zanja  - Dren muro Sur;7.5.1.1.1;VERDADERO;7.5.1.1.1;Excavación;Excavación material común - en zanja en Dren MS;m3;21766;;Excavación;;;;;;;0;0;0;0;0;0;0;0;0;0;0;0;0;0;0;0;0;0;0;0;0;0;0;0;0;0;0;0
7.5;MS2;7.5.1;Movimiento de Tierra Masivos -Drenes IX etapa;7.5.1.1;Excavación Zanja  - Dren muro Sur;7.5.1.1.2;VERDADERO;7.5.1.1.2;Excavación;Excavación en roca con medios mecánicos - en zanja en Dren MS;m3;2832;;Excavación;;;;;;;0;0;0;0;0;0;0;0;0;0;0;0;0;0;0;0;0;0;0;0;0;0;0;0;0;0;0;0
7.5;MS2;7.5.1;Movimiento de Tierra Masivos -Drenes IX etapa;7.5.1.1;Excavación Zanja  - Dren muro Sur;7.5.1.1.3;VERDADERO;7.5.1.1.3;Excavación;Excavación en roca ripable - en zanja en Dren MS;m3;18938;;Excavación;;;;;;;0;0;0;0;0;0;0;0;0;0;0;0;0;0;0;0;0;0;0;0;0;0;0;0;0;0;0;0
7.5;MS2;7.5.1;Movimiento de Tierra Masivos -Drenes IX etapa;7.5.1.2;Rellenos Zanjas - Dren Muro Sur;7.5.1.2.1;VERDADERO;7.5.1.2.1;Arena;Cama de arena e=10cm - Dren MS;m3;420;;Relleno;420;;25-06-2024;27-06-2024;3;;0;0;420;0;0;0;0;0;0;0;0;0;0;0;0;0;0;0;0;0;0;0;0;0;0;0;0;0
7.5;MS2;7.5.1;Movimiento de Tierra Masivos -Drenes IX etapa;7.5.1.2;Rellenos Zanjas - Dren Muro Sur;7.5.1.2.2;VERDADERO;7.5.1.2.2;Relleno;Relleno Seleccionado para Dren MS;m3;17340;;Relleno;17340;;11-09-2024;11-10-2024;31;;0;0;0;0;0;11127;6214;0;0;0;0;0;0;0;0;0;0;0;0;0;0;0;0;0;0;0;0;0
7.5;MS2;7.5.1;Movimiento de Tierra Masivos -Drenes IX etapa;7.5.1.2;Rellenos Zanjas - Dren Muro Sur;7.5.1.2.3;VERDADERO;7.5.1.2.3;Relleno;Relleno material común - no controlado  (proveniente de excavación) Dren MS;m3;21195;;Relleno;21195;;11-10-2024;17-10-2024;7;;0;0;0;0;0;0;21195;0;0;0;0;0;0;0;0;0;0;0;0;0;0;0;0;0;0;0;0;0
7.6;MSO1;7.6.1;Movimiento de Tierra Masivos -Drenes IX etapa Sur Oriente 1;7.6.1.1;Excavación Zanja  - Dren muro Sur Oriente 1;7.6.1.1.1;VERDADERO;7.6.1.1.1;Excavación;Excavación material común - en zanja en Dren MSO1;m3;1628;;Excavación;;;;;;;0;0;0;0;0;0;0;0;0;0;0;0;0;0;0;0;0;0;0;0;0;0;0;0;0;0;0;0
7.6;MSO1;7.6.1;Movimiento de Tierra Masivos -Drenes IX etapa Sur Oriente 1;7.6.1.1;Excavación Zanja  - Dren muro Sur Oriente 1;7.6.1.1.2;VERDADERO;7.6.1.1.2;Excavación;Excavación en roca con medios mecánicos - en zanja en Dren MSO1;m3;212;;Excavación;;;;;;;0;0;0;0;0;0;0;0;0;0;0;0;0;0;0;0;0;0;0;0;0;0;0;0;0;0;0;0
7.6;MSO1;7.6.1;Movimiento de Tierra Masivos -Drenes IX etapa Sur Oriente 1;7.6.1.1;Excavación Zanja  - Dren muro Sur Oriente 1;7.6.1.1.3;VERDADERO;7.6.1.1.3;Excavación;Excavación en roca ripable - en zanja en Dren MSO1;m3;1416;;Excavación;;;;;;;0;0;0;0;0;0;0;0;0;0;0;0;0;0;0;0;0;0;0;0;0;0;0;0;0;0;0;0
7.6;MSO1;7.6.1;Movimiento de Tierra Masivos -Drenes IX etapa Sur Oriente 1;7.6.1.2;Rellenos Zanjas dren Muro Sur Oriente 1;7.6.1.2.1;VERDADERO;7.6.1.2.1;Arena;Cama de arena e=10cm - Dren MSO1;m3;22;;Relleno;22;;26-07-2025;27-07-2025;2;;0;0;0;0;0;0;0;0;0;0;0;0;0;0;0;22;0;0;0;0;0;0;0;0;0;0;0;0
7.6;MSO1;7.6.1;Movimiento de Tierra Masivos -Drenes IX etapa Sur Oriente 1;7.6.1.2;Rellenos Zanjas dren Muro Sur Oriente 1;7.6.1.2.2;VERDADERO;7.6.1.2.2;Relleno;Relleno Seleccionado para Dren MSO1;m3;3198;;Relleno;3198;;29-07-2025;31-07-2025;3;;0;0;0;0;0;0;0;0;0;0;0;0;0;0;0;3198;0;0;0;0;0;0;0;0;0;0;0;0
7.6;MSO1;7.6.1;Movimiento de Tierra Masivos -Drenes IX etapa Sur Oriente 1;7.6.1.2;Rellenos Zanjas dren Muro Sur Oriente 1;7.6.1.2.3;VERDADERO;7.6.1.2.3;Relleno;Relleno material común - no controlado  (proveniente de excavación) Dren MSO1;m3;814;;Relleno;814;;31-07-2025;01-08-2025;2;;0;0;0;0;0;0;0;0;0;0;0;0;0;0;0;204;611;0;0;0;0;0;0;0;0;0;0;0
8.1;MNO2;8.1.2.;Camino de servicio a Instalaciones Noroeste 2;8.1.2.1;Movimiento de tierra - Camino de servicio a Instalaciones Noroeste 2;8.1.2.1.1;VERDADERO;8.1.2.1.1;Excavación;Excavación en material común -  Plataforma Camino de servicio a Instalaciones VP;m3;2738;;Excavación;;;;;;;0;0;0;0;0;0;0;0;0;0;0;0;0;0;0;0;0;0;0;0;0;0;0;0;0;0;0;0
8.1;MNO2;8.1.2.;Camino de servicio a Instalaciones Noroeste 2;8.1.2.1;Movimiento de tierra - Camino de servicio a Instalaciones Noroeste 2;8.1.2.1.2;VERDADERO;8.1.2.1.2;Relleno;Relleno masivo lastre - Plataforma Camino de servicio a Instalaciones VP;m3;593;;Relleno;593;;22-09-2024;22-09-2024;1;;0;0;0;0;0;593;0;0;0;0;0;0;0;0;0;0;0;0;0;0;0;0;0;0;0;0;0;0
8.1;MNO2;8.1.2.;Camino de servicio a Instalaciones Noroeste 2;8.1.2.1;Movimiento de tierra - Camino de servicio a Instalaciones Noroeste 2;8.1.2.1.3;VERDADERO;8.1.2.1.3;Relleno;Relleno no controlado - Pretil de seguridad ;m3;1112;;Relleno;1112;;23-09-2024;23-09-2024;1;;0;0;0;0;0;1112;0;0;0;0;0;0;0;0;0;0;0;0;0;0;0;0;0;0;0;0;0;0
8.1;MNO2;8.1.3.;Camino acceso a Muro Noroeste 2 hasta Estación Móvil Norte;8.1.3.1;Movimientos de tierra -  Camino acceso a Muro Noroeste 2 hasta Estación Móvil Norte;8.1.3.1.1;VERDADERO;8.1.3.1.1;Excavación;Excavación en material común - Plataforma de acceso;m3;7592;;Excavación;;;;;;;0;0;0;0;0;0;0;0;0;0;0;0;0;0;0;0;0;0;0;0;0;0;0;0;0;0;0;0
8.1;MNO2;8.1.3.;Camino acceso a Muro Noroeste 2 hasta Estación Móvil Norte;8.1.3.1;Movimientos de tierra -  Camino acceso a Muro Noroeste 2 hasta Estación Móvil Norte;8.1.3.1.2;VERDADERO;8.1.3.1.2;Relleno;Relleno masivo lastre - Plataforma de acceso;m3;60780;;Relleno;60780;;23-08-2024;21-09-2024;30;;0;0;0;0;18234;42546;0;0;0;0;0;0;0;0;0;0;0;0;0;0;0;0;0;0;0;0;0;0
8.1;MNO2;8.1.3.;Camino acceso a Muro Noroeste 2 hasta Estación Móvil Norte;8.1.3.1;Movimientos de tierra -  Camino acceso a Muro Noroeste 2 hasta Estación Móvil Norte;8.1.3.1.3;VERDADERO;8.1.3.1.3;Relleno;Relleno no controlado - Pretil de seguridad ;m3;2560;;Relleno;2560;;22-09-2024;22-09-2024;1;;0;0;0;0;0;2560;0;0;0;0;0;0;0;0;0;0;0;0;0;0;0;0;0;0;0;0;0;0
8.1;MO;8.1.4.;Rampa acceso a Muro Oeste;8.1.4.1;Movimiento de tierra -  Rampa acceso a Muro Oeste;8.1.4.1.1;VERDADERO;8.1.4.1.1;Relleno;Relleno masivo lastre - Rampa;m3;26619;;Relleno;26619;;18-04-2025;17-05-2025;30;;0;0;0;0;0;0;0;0;0;0;0;0;11535;15084;0;0;0;0;0;0;0;0;0;0;0;0;0;0
8.1;MO;8.1.4.;Rampa acceso a Muro Oeste;8.1.4.1;Movimiento de tierra -  Rampa acceso a Muro Oeste;8.1.4.1.2;VERDADERO;8.1.4.1.2;Relleno;Relleno no controlado - Pretil de seguridad ;m3;505;;Relleno;505;;18-05-2025;18-05-2025;1;;0;0;0;0;0;0;0;0;0;0;0;0;0;505;0;0;0;0;0;0;0;0;0;0;0;0;0;0
8.1;MS3;8.1.5.;Camino para acceder a Muros Sur Sur Oriente 1 y 2;8.1.5.1;Camino para acceder a Muros Sur Sur Oriente 1 y 2;8.1.5.1.1;VERDADERO;8.1.5.1.1;Excavación;Excavación masiva material común  - Terraplén Camino construcción acceso a Muro Sur/SO1/SO2;m3;34977;;Excavación;;;;;;;0;0;0;0;0;0;0;0;0;0;0;0;0;0;0;0;0;0;0;0;0;0;0;0;0;0;0;0
8.1;MS3;8.1.5.;Camino para acceder a Muros Sur Sur Oriente 1 y 2;8.1.5.1;Camino para acceder a Muros Sur Sur Oriente 1 y 2;8.1.5.1.2;VERDADERO;8.1.5.1.2;Relleno;Relleno masivo lastre  - Terraplén  Camino construcción Muro Sur/SO1/SO2;m3;7300;;Relleno;7300;;31-07-2024;03-08-2024;4;;0;0;0;1213;6087;0;0;0;0;0;0;0;0;0;0;0;0;0;0;0;0;0;0;0;0;0;0;0
8.1;EBMP;8.1.6.;Rampa 1 acceso a EBMP existente;8.1.6.1;Movimientos de tierras masivo  -  Rampa 1 acceso a EBMP existente;8.1.6.1.1;VERDADERO;8.1.6.1.1;Relleno;Relleno masivo lastre  - Rampa acceso de EBMP1;m3;22077;;Relleno;22077;;03-08-2024;25-08-2024;23;;0;0;0;0;22077;0;0;0;0;0;0;0;0;0;0;0;0;0;0;0;0;0;0;0;0;0;0;0
8.1;EBMP;8.1.7.;Rampa 2 acceso a EBMP IX Etapa;8.1.7.1;Movimientos de tierras masivo  -  Rampa 2 acceso a EBMP IX Etapa;8.1.7.1.1;VERDADERO;8.1.7.1.1;Relleno;Relleno masivo lastre  - Rampa acceso de EBMP2;m3;8443;;Relleno;8443;;25-08-2024;29-08-2024;5;;0;0;0;0;8443;0;0;0;0;0;0;0;0;0;0;0;0;0;0;0;0;0;0;0;0;0;0;0
8.1;Pretil 2 Norte Sur 6.1.2T1;8.1.8;Rampa 2 acceso a EBMP IX Etapa;8.1.8.1;Movimientos de tierras masivo  -  Rampa de Acceso de Pretil 6.12 a Muro Sur;8.1.8.1.1;VERDADERO;8.1.8.1.1;Relleno;Relleno masivo de Lastre (Construcción en plataforma) - Rampa de Acceso de Pretil 6.12 a Muro Sur;m3;7192;;Relleno;7192;;29-08-2024;02-09-2024;5;;0;0;0;0;4492;2700;0;0;0;0;0;0;0;0;0;0;0;0;0;0;0;0;0;0;0;0;0;0
;;;;;;;;;;;;;;Relleno (M3);7461614;;;;;;139134;292973;410889;458072;549872;548927;480163;487257;514641;528539;466764;435940;437411;431491;405509;355821;143867;142638;150428;43338;12942;25005;0;0;0;0;0;0
